context_index,variant,mean_one_step_retention_probability,neglog2_mean_one_step_retention,distinct_sbox_input_differences_over_16_rounds
0,static,0.03179931640625,4.974860437721,98
0,position_only,0.03076171875,5.022720076500,95
0,rotor,0.0313262939453125,4.996482087891,195
0,round_only,0.0313262939453125,4.996482087891,195
1,static,0.0330810546875,4.917850958646,92
1,position_only,0.03314208984375,4.915191612196,99
1,rotor,0.032135009765625,4.959710278974,195
1,round_only,0.032135009765625,4.959710278974,195
2,static,0.0321044921875,4.961081010708,100
2,position_only,0.0308837890625,5.017006425306,96
2,rotor,0.0313720703125,4.994375450806,202
2,round_only,0.0313720703125,4.994375450806,202
3,static,0.03173828125,4.977632186972,96
3,position_only,0.030517578125,5.034215715338,97
3,rotor,0.031036376953125,5.009896036143,201
3,round_only,0.031036376953125,5.009896036143,201
4,static,0.03228759765625,4.952876087886,106
4,position_only,0.0313720703125,4.994375450806,94
4,rotor,0.0317230224609375,4.978325957142,202
4,round_only,0.0317230224609375,4.978325957142,202
5,static,0.0316162109375,4.983191712313,97
5,position_only,0.0321044921875,4.961081010708,95
5,rotor,0.0315704345703125,4.985282070140,198
5,round_only,0.0315704345703125,4.985282070140,198
6,static,0.03125,5.000000000000,101
6,position_only,0.03204345703125,4.963826387447,97
6,rotor,0.03125,5.000000000000,195
6,round_only,0.03125,5.000000000000,195
7,static,0.0322265625,4.955605880642,102
7,position_only,0.0338134765625,4.886257833951,94
7,rotor,0.032958984375,4.923184402949,202
7,round_only,0.032958984375,4.923184402949,202
8,static,0.03179931640625,4.974860437721,96
8,position_only,0.0321044921875,4.961081010708,97
8,rotor,0.032135009765625,4.959710278974,198
8,round_only,0.032135009765625,4.959710278974,198
9,static,0.03192138671875,4.969332863753,101
9,position_only,0.031494140625,4.988772744577,94
9,rotor,0.0319061279296875,4.970022653410,192
9,round_only,0.0319061279296875,4.970022653410,192
10,static,0.03155517578125,4.985979529685,98
10,position_only,0.03228759765625,4.952876087886,106
10,rotor,0.0315704345703125,4.985282070140,200
10,round_only,0.0315704345703125,4.985282070140,200
11,static,0.03125,5.000000000000,98
11,position_only,0.03070068359375,5.025585410194,101
11,rotor,0.0314483642578125,4.990871210461,202
11,round_only,0.0314483642578125,4.990871210461,202
12,static,0.031982421875,4.966576998463,98
12,position_only,0.03118896484375,5.002820519062,97
12,rotor,0.0317840576171875,4.975552875959,195
12,round_only,0.0317840576171875,4.975552875959,195
13,static,0.03082275390625,5.019860422361,97
13,position_only,0.0303955078125,5.039998067932,95
13,rotor,0.0309600830078125,5.013446850243,203
13,round_only,0.0309600830078125,5.013446850243,203
14,static,0.033203125,4.912537158750,97
14,position_only,0.03399658203125,4.878466482660,92
14,rotor,0.0337371826171875,4.889516690184,190
14,round_only,0.0337371826171875,4.889516690184,190
15,static,0.030517578125,5.034215715338,97
15,position_only,0.0303955078125,5.039998067932,98
15,rotor,0.03143310546875,4.991571377929,201
15,round_only,0.03143310546875,4.991571377929,201
16,static,0.0323486328125,4.950151450549,99
16,position_only,0.03082275390625,5.019860422361,96
16,rotor,0.0315093994140625,4.988073933693,194
16,round_only,0.0315093994140625,4.988073933693,194
17,static,0.03179931640625,4.974860437721,102
17,position_only,0.033203125,4.912537158750,106
17,rotor,0.0323486328125,4.950151450549,202
17,round_only,0.0323486328125,4.950151450549,202
18,static,0.0313720703125,4.994375450806,100
18,position_only,0.031982421875,4.966576998463,102
18,rotor,0.0319366455078125,4.968643403744,196
18,round_only,0.0319366455078125,4.968643403744,196
19,static,0.0328369140625,4.928537637443,92
19,position_only,0.0316162109375,4.983191712313,94
19,rotor,0.032318115234375,4.951513126008,199
19,round_only,0.032318115234375,4.951513126008,199
20,static,0.03204345703125,4.963826387447,101
20,position_only,0.0321044921875,4.961081010708,94
20,rotor,0.031280517578125,4.998591805607,197
20,round_only,0.031280517578125,4.998591805607,197
21,static,0.03192138671875,4.969332863753,106
21,position_only,0.03076171875,5.022720076500,100
21,rotor,0.0316009521484375,4.983888161779,194
21,round_only,0.0316009521484375,4.983888161779,194
22,static,0.03155517578125,4.985979529685,91
22,position_only,0.03125,5.000000000000,92
22,rotor,0.03118896484375,5.002820519062,184
22,round_only,0.03118896484375,5.002820519062,184
23,static,0.03173828125,4.977632186972,99
23,position_only,0.0311279296875,5.005646563141,98
23,rotor,0.03118896484375,5.002820519062,194
23,round_only,0.03118896484375,5.002820519062,194
24,static,0.03472900390625,4.847715157693,96
24,position_only,0.03289794921875,4.925858537247,101
24,rotor,0.032379150390625,4.948791059085,196
24,round_only,0.032379150390625,4.948791059085,196
25,static,0.03167724609375,4.980409271642,99
25,position_only,0.03179931640625,4.974860437721,101
25,rotor,0.0313873291015625,4.993673921475,205
25,round_only,0.0313873291015625,4.993673921475,205
26,static,0.03216552734375,4.958340848363,100
26,position_only,0.03314208984375,4.915191612196,90
26,rotor,0.03228759765625,4.952876087886,199
26,round_only,0.03228759765625,4.952876087886,199
27,static,0.03118896484375,5.002820519062,97
27,position_only,0.03240966796875,4.947431949196,91
27,rotor,0.0313568115234375,4.995077321431,190
27,round_only,0.0313568115234375,4.995077321431,190
28,static,0.03216552734375,4.958340848363,102
28,position_only,0.03265380859375,4.936604918711,92
28,rotor,0.0324859619140625,4.944039765548,186
28,round_only,0.0324859619140625,4.944039765548,186
29,static,0.0330810546875,4.917850958646,101
29,position_only,0.0316162109375,4.983191712313,100
29,rotor,0.0322113037109375,4.956289136653,189
29,round_only,0.0322113037109375,4.956289136653,189
30,static,0.0328369140625,4.928537637443,93
30,position_only,0.0318603515625,4.972094003430,102
30,rotor,0.031494140625,4.988772744577,202
30,round_only,0.031494140625,4.988772744577,202
31,static,0.0318603515625,4.972094003430,100
31,position_only,0.03338623046875,4.904602977207,89
31,rotor,0.0313873291015625,4.993673921475,187
31,round_only,0.0313873291015625,4.993673921475,187
32,static,0.03253173828125,4.942008277241,96
32,position_only,0.03240966796875,4.947431949196,100
32,rotor,0.0324554443359375,4.945395682039,203
32,round_only,0.0324554443359375,4.945395682039,203
33,static,0.03131103515625,4.997184984393,102
33,position_only,0.03253173828125,4.942008277241,101
33,rotor,0.03118896484375,5.002820519062,191
33,round_only,0.03118896484375,5.002820519062,191
34,static,0.03192138671875,4.969332863753,100
34,position_only,0.0303955078125,5.039998067932,94
34,rotor,0.031707763671875,4.979020061096,196
34,round_only,0.031707763671875,4.979020061096,196
35,static,0.03076171875,5.022720076500,96
35,position_only,0.0322265625,4.955605880642,99
35,rotor,0.03173828125,4.977632186972,200
35,round_only,0.03173828125,4.977632186972,200
36,static,0.0318603515625,4.972094003430,100
36,position_only,0.031494140625,4.988772744577,106
36,rotor,0.0316619873046875,4.981104378878,204
36,round_only,0.0316619873046875,4.981104378878,204
37,static,0.031982421875,4.966576998463,93
37,position_only,0.03289794921875,4.925858537247,96
37,rotor,0.03240966796875,4.947431949196,192
37,round_only,0.03240966796875,4.947431949196,192
38,static,0.03240966796875,4.947431949196,101
38,position_only,0.032470703125,4.944717564499,100
38,rotor,0.0323944091796875,4.948111344095,197
38,round_only,0.0323944091796875,4.948111344095,197
39,static,0.03131103515625,4.997184984393,105
39,position_only,0.0318603515625,4.972094003430,99
39,rotor,0.0312957763671875,4.997888223520,200
39,round_only,0.0312957763671875,4.997888223520,200
40,static,0.03143310546875,4.991571377929,101
40,position_only,0.03167724609375,4.980409271642,105
40,rotor,0.031951904296875,4.967954273069,202
40,round_only,0.031951904296875,4.967954273069,202
41,static,0.0328369140625,4.928537637443,101
41,position_only,0.03070068359375,5.025585410194,103
41,rotor,0.03125,5.000000000000,201
41,round_only,0.03125,5.000000000000,201
42,static,0.03070068359375,5.025585410194,94
42,position_only,0.03228759765625,4.952876087886,94
42,rotor,0.031097412109375,5.007061663834,191
42,round_only,0.031097412109375,5.007061663834,191
43,static,0.032470703125,4.944717564499,101
43,position_only,0.031494140625,4.988772744577,101
43,rotor,0.0323486328125,4.950151450549,184
43,round_only,0.0323486328125,4.950151450549,184
44,static,0.03021240234375,5.048715285033,94
44,position_only,0.03009033203125,5.054556163622,102
44,rotor,0.0309295654296875,5.014869626533,189
44,round_only,0.0309295654296875,5.014869626533,189
45,static,0.03076171875,5.022720076500,96
45,position_only,0.0323486328125,4.950151450549,108
45,rotor,0.031280517578125,4.998591805607,202
45,round_only,0.031280517578125,4.998591805607,202
46,static,0.0325927734375,4.939304068312,95
46,position_only,0.031494140625,4.988772744577,96
46,rotor,0.0311126708984375,5.006353939983,191
46,round_only,0.0311126708984375,5.006353939983,191
47,static,0.033203125,4.912537158750,95
47,position_only,0.03240966796875,4.947431949196,100
47,rotor,0.0318145751953125,4.974168331668,198
47,round_only,0.0318145751953125,4.974168331668,198
48,static,0.0311279296875,5.005646563141,99
48,position_only,0.0321044921875,4.961081010708,95
48,rotor,0.031463623046875,4.990171382632,191
48,round_only,0.031463623046875,4.990171382632,191
49,static,0.031494140625,4.988772744577,98
49,position_only,0.03131103515625,4.997184984393,95
49,rotor,0.0312652587890625,4.999295730989,200
49,round_only,0.0312652587890625,4.999295730989,200
50,static,0.03167724609375,4.980409271642,101
50,position_only,0.03033447265625,5.042897958438,97
50,rotor,0.0312042236328125,5.002114872171,203
50,round_only,0.0312042236328125,5.002114872171,203
51,static,0.03045654296875,5.037103994663,95
51,position_only,0.03216552734375,4.958340848363,96
51,rotor,0.0318450927734375,4.972785114840,200
51,round_only,0.0318450927734375,4.972785114840,200
52,static,0.03125,5.000000000000,99
52,position_only,0.0308837890625,5.017006425306,91
52,rotor,0.03118896484375,5.002820519062,193
52,round_only,0.03118896484375,5.002820519062,193
53,static,0.0322265625,4.955605880642,101
53,position_only,0.0308837890625,5.017006425306,91
53,rotor,0.031402587890625,4.992972733106,199
53,round_only,0.031402587890625,4.992972733106,199
54,static,0.0308837890625,5.017006425306,96
54,position_only,0.03192138671875,4.969332863753,93
54,rotor,0.03131103515625,4.997184984393,197
54,round_only,0.03131103515625,4.997184984393,197
55,static,0.03216552734375,4.958340848363,95
55,position_only,0.03009033203125,5.054556163622,98
55,rotor,0.031982421875,4.966576998463,192
55,round_only,0.031982421875,4.966576998463,192
56,static,0.03125,5.000000000000,95
56,position_only,0.0306396484375,5.028456446049,97
56,rotor,0.0303802490234375,5.040722494279,195
56,round_only,0.0303802490234375,5.040722494279,195
57,static,0.03314208984375,4.915191612196,100
57,position_only,0.03204345703125,4.963826387447,102
57,rotor,0.0316619873046875,4.981104378878,192
57,round_only,0.0316619873046875,4.981104378878,192
58,static,0.03021240234375,5.048715285033,99
58,position_only,0.02972412109375,5.072222037918,101
58,rotor,0.030609130859375,5.029894109388,203
58,round_only,0.030609130859375,5.029894109388,203
59,static,0.03173828125,4.977632186972,94
59,position_only,0.03179931640625,4.974860437721,97
59,rotor,0.0321807861328125,4.957656620206,189
59,round_only,0.0321807861328125,4.957656620206,189
60,static,0.0323486328125,4.950151450549,97
60,position_only,0.03228759765625,4.952876087886,102
60,rotor,0.0311126708984375,5.006353939983,207
60,round_only,0.0311126708984375,5.006353939983,207
61,static,0.03118896484375,5.002820519062,96
61,position_only,0.03204345703125,4.963826387447,104
61,rotor,0.0323638916015625,4.949471094469,193
61,round_only,0.0323638916015625,4.949471094469,193
62,static,0.03155517578125,4.985979529685,97
62,position_only,0.03045654296875,5.037103994663,100
62,rotor,0.0311737060546875,5.003526511267,188
62,round_only,0.0311737060546875,5.003526511267,188
63,static,0.03192138671875,4.969332863753,99
63,position_only,0.03338623046875,4.904602977207,86
63,rotor,0.0314178466796875,4.992271885368,191
63,round_only,0.0314178466796875,4.992271885368,191
64,static,0.0333251953125,4.907242859080,100
64,position_only,0.0316162109375,4.983191712313,97
64,rotor,0.0316619873046875,4.981104378878,200
64,round_only,0.0316619873046875,4.981104378878,200
65,static,0.03192138671875,4.969332863753,99
65,position_only,0.0338134765625,4.886257833951,101
65,rotor,0.031646728515625,4.981799821187,194
65,round_only,0.031646728515625,4.981799821187,194
66,static,0.03076171875,5.022720076500,98
66,position_only,0.0311279296875,5.005646563141,96
66,rotor,0.032012939453125,4.965201037423,199
66,round_only,0.032012939453125,4.965201037423,199
67,static,0.03173828125,4.977632186972,97
67,position_only,0.03070068359375,5.025585410194,99
67,rotor,0.031097412109375,5.007061663834,200
67,round_only,0.031097412109375,5.007061663834,200
68,static,0.03118896484375,5.002820519062,96
68,position_only,0.03021240234375,5.048715285033,106
68,rotor,0.030670166015625,5.027020213934,200
68,round_only,0.030670166015625,5.027020213934,200
69,static,0.031494140625,4.988772744577,97
69,position_only,0.03131103515625,4.997184984393,96
69,rotor,0.0308837890625,5.017006425306,194
69,round_only,0.0308837890625,5.017006425306,194
70,static,0.0328369140625,4.928537637443,96
70,position_only,0.03155517578125,4.985979529685,100
70,rotor,0.032196044921875,4.956972716405,182
70,round_only,0.032196044921875,4.956972716405,182
71,static,0.03192138671875,4.969332863753,101
71,position_only,0.03289794921875,4.925858537247,102
71,rotor,0.0316009521484375,4.983888161779,197
71,round_only,0.0316009521484375,4.983888161779,197
72,static,0.03228759765625,4.952876087886,97
72,position_only,0.03076171875,5.022720076500,106
72,rotor,0.031219482421875,5.001409570255,201
72,round_only,0.031219482421875,5.001409570255,201
73,static,0.03204345703125,4.963826387447,95
73,position_only,0.031005859375,5.011315313228,94
73,rotor,0.031158447265625,5.004232849122,192
73,round_only,0.031158447265625,5.004232849122,192
74,static,0.03314208984375,4.915191612196,104
74,position_only,0.03173828125,4.977632186972,96
74,rotor,0.03131103515625,4.997184984393,194
74,round_only,0.03131103515625,4.997184984393,194
75,static,0.0318603515625,4.972094003430,94
75,position_only,0.03131103515625,4.997184984393,102
75,rotor,0.031585693359375,4.984584947613,195
75,round_only,0.031585693359375,4.984584947613,195
76,static,0.0321044921875,4.961081010708,104
76,position_only,0.03076171875,5.022720076500,105
76,rotor,0.031219482421875,5.001409570255,206
76,round_only,0.031219482421875,5.001409570255,206
77,static,0.0325927734375,4.939304068312,94
77,position_only,0.032470703125,4.944717564499,92
77,rotor,0.0319061279296875,4.970022653410,192
77,round_only,0.0319061279296875,4.970022653410,192
78,static,0.03094482421875,5.014158062997,90
78,position_only,0.032470703125,4.944717564499,103
78,rotor,0.031890869140625,4.970712773032,195
78,round_only,0.031890869140625,4.970712773032,195
79,static,0.03228759765625,4.952876087886,100
79,position_only,0.03253173828125,4.942008277241,106
79,rotor,0.0318450927734375,4.972785114840,205
79,round_only,0.0318450927734375,4.972785114840,205
80,static,0.03070068359375,5.025585410194,98
80,position_only,0.0302734375,5.045803689613,95
80,rotor,0.03118896484375,5.002820519062,198
80,round_only,0.03118896484375,5.002820519062,198
81,static,0.031494140625,4.988772744577,95
81,position_only,0.03179931640625,4.974860437721,97
81,rotor,0.031707763671875,4.979020061096,197
81,round_only,0.031707763671875,4.979020061096,197
82,static,0.0328369140625,4.928537637443,90
82,position_only,0.03228759765625,4.952876087886,89
82,rotor,0.0330352783203125,4.919848690386,189
82,round_only,0.0330352783203125,4.919848690386,189
83,static,0.0301513671875,5.051632768415,94
83,position_only,0.031982421875,4.966576998463,98
83,rotor,0.03204345703125,4.963826387447,195
83,round_only,0.03204345703125,4.963826387447,195
84,static,0.03057861328125,5.031333206805,95
84,position_only,0.03143310546875,4.991571377929,94
84,rotor,0.03143310546875,4.991571377929,193
84,round_only,0.03143310546875,4.991571377929,193
85,static,0.031982421875,4.966576998463,94
85,position_only,0.02923583984375,5.096118154264,93
85,rotor,0.0309600830078125,5.013446850243,193
85,round_only,0.0309600830078125,5.013446850243,193
86,static,0.02984619140625,5.066309345048,98
86,position_only,0.03021240234375,5.048715285033,107
86,rotor,0.0305938720703125,5.030613478658,201
86,round_only,0.0305938720703125,5.030613478658,201
87,static,0.030029296875,5.057485494661,101
87,position_only,0.030517578125,5.034215715338,95
87,rotor,0.0316162109375,4.983191712313,193
87,round_only,0.0316162109375,4.983191712313,193
88,static,0.030029296875,5.057485494661,105
88,position_only,0.03216552734375,4.958340848363,106
88,rotor,0.032135009765625,4.959710278974,197
88,round_only,0.032135009765625,4.959710278974,197
89,static,0.0328369140625,4.928537637443,94
89,position_only,0.0318603515625,4.972094003430,102
89,rotor,0.0323944091796875,4.948111344095,199
89,round_only,0.0323944091796875,4.948111344095,199
90,static,0.0308837890625,5.017006425306,99
90,position_only,0.03277587890625,4.931221722015,95
90,rotor,0.032379150390625,4.948791059085,198
90,round_only,0.032379150390625,4.948791059085,198
91,static,0.03204345703125,4.963826387447,97
91,position_only,0.0322265625,4.955605880642,94
91,rotor,0.0321044921875,4.961081010708,196
91,round_only,0.0321044921875,4.961081010708,196
92,static,0.03350830078125,4.899337660995,100
92,position_only,0.03228759765625,4.952876087886,97
92,rotor,0.0323944091796875,4.948111344095,195
92,round_only,0.0323944091796875,4.948111344095,195
93,static,0.03216552734375,4.958340848363,96
93,position_only,0.02996826171875,5.060420785685,96
93,rotor,0.030670166015625,5.027020213934,189
93,round_only,0.030670166015625,5.027020213934,189
94,static,0.02972412109375,5.072222037918,99
94,position_only,0.0308837890625,5.017006425306,100
94,rotor,0.0315093994140625,4.988073933693,192
94,round_only,0.0315093994140625,4.988073933693,192
95,static,0.03143310546875,4.991571377929,97
95,position_only,0.031005859375,5.011315313228,100
95,rotor,0.0313873291015625,4.993673921475,196
95,round_only,0.0313873291015625,4.993673921475,196
96,static,0.0316162109375,4.983191712313,95
96,position_only,0.0316162109375,4.983191712313,97
96,rotor,0.0320892333984375,4.961766865268,188
96,round_only,0.0320892333984375,4.961766865268,188
97,static,0.03131103515625,4.997184984393,97
97,position_only,0.03167724609375,4.980409271642,91
97,rotor,0.0313720703125,4.994375450806,189
97,round_only,0.0313720703125,4.994375450806,189
98,static,0.03021240234375,5.048715285033,93
98,position_only,0.03271484375,4.933910809542,96
98,rotor,0.03118896484375,5.002820519062,182
98,round_only,0.03118896484375,5.002820519062,182
99,static,0.03240966796875,4.947431949196,103
99,position_only,0.03155517578125,4.985979529685,95
99,rotor,0.03167724609375,4.980409271642,190
99,round_only,0.03167724609375,4.980409271642,190
100,static,0.03057861328125,5.031333206805,103
100,position_only,0.03131103515625,4.997184984393,95
100,rotor,0.0308685302734375,5.017719395442,201
100,round_only,0.0308685302734375,5.017719395442,201
101,static,0.03021240234375,5.048715285033,101
101,position_only,0.03173828125,4.977632186972,101
101,rotor,0.0314178466796875,4.992271885368,201
101,round_only,0.0314178466796875,4.992271885368,201
102,static,0.03155517578125,4.985979529685,94
102,position_only,0.0291748046875,5.099133192019,98
102,rotor,0.03057861328125,5.031333206805,205
102,round_only,0.03057861328125,5.031333206805,205
103,static,0.0328369140625,4.928537637443,106
103,position_only,0.0313720703125,4.994375450806,98
103,rotor,0.032470703125,4.944717564499,199
103,round_only,0.032470703125,4.944717564499,199
104,static,0.03057861328125,5.031333206805,100
104,position_only,0.03155517578125,4.985979529685,103
104,rotor,0.031585693359375,4.984584947613,203
104,round_only,0.031585693359375,4.984584947613,203
105,static,0.0316162109375,4.983191712313,96
105,position_only,0.031982421875,4.966576998463,94
105,rotor,0.03179931640625,4.974860437721,196
105,round_only,0.03179931640625,4.974860437721,196
106,static,0.03143310546875,4.991571377929,104
106,position_only,0.03204345703125,4.963826387447,103
106,rotor,0.031158447265625,5.004232849122,200
106,round_only,0.031158447265625,5.004232849122,200
107,static,0.03216552734375,4.958340848363,100
107,position_only,0.03338623046875,4.904602977207,95
107,rotor,0.03271484375,4.933910809542,196
107,round_only,0.03271484375,4.933910809542,196
108,static,0.03033447265625,5.042897958438,100
108,position_only,0.03131103515625,4.997184984393,96
108,rotor,0.03155517578125,4.985979529685,197
108,round_only,0.03155517578125,4.985979529685,197
109,static,0.029541015625,5.081136762725,100
109,position_only,0.0318603515625,4.972094003430,99
109,rotor,0.031829833984375,4.973476557480,204
109,round_only,0.031829833984375,4.973476557480,204
110,static,0.0299072265625,5.063362060997,94
110,position_only,0.03240966796875,4.947431949196,99
110,rotor,0.031402587890625,4.992972733106,194
110,round_only,0.031402587890625,4.992972733106,194
111,static,0.031982421875,4.966576998463,92
111,position_only,0.0313720703125,4.994375450806,101
111,rotor,0.0312347412109375,5.000704612977,197
111,round_only,0.0312347412109375,5.000704612977,197
112,static,0.03216552734375,4.958340848363,98
112,position_only,0.0316162109375,4.983191712313,104
112,rotor,0.031524658203125,4.987375461135,202
112,round_only,0.031524658203125,4.987375461135,202
113,static,0.0325927734375,4.939304068312,99
113,position_only,0.03125,5.000000000000,97
113,rotor,0.031341552734375,4.995779533682,202
113,round_only,0.031341552734375,4.995779533682,202
114,static,0.03179931640625,4.974860437721,99
114,position_only,0.0306396484375,5.028456446049,96
114,rotor,0.031646728515625,4.981799821187,209
114,round_only,0.031646728515625,4.981799821187,209
115,static,0.03204345703125,4.963826387447,101
115,position_only,0.03271484375,4.933910809542,95
115,rotor,0.0322265625,4.955605880642,197
115,round_only,0.0322265625,4.955605880642,197
116,static,0.0313720703125,4.994375450806,100
116,position_only,0.0316162109375,4.983191712313,98
116,rotor,0.0315704345703125,4.985282070140,197
116,round_only,0.0315704345703125,4.985282070140,197
117,static,0.0316162109375,4.983191712313,95
117,position_only,0.03045654296875,5.037103994663,99
117,rotor,0.031097412109375,5.007061663834,185
117,round_only,0.031097412109375,5.007061663834,185
118,static,0.031494140625,4.988772744577,99
118,position_only,0.03045654296875,5.037103994663,97
118,rotor,0.0313720703125,4.994375450806,199
118,round_only,0.0313720703125,4.994375450806,199
119,static,0.03240966796875,4.947431949196,96
119,position_only,0.03216552734375,4.958340848363,95
119,rotor,0.032196044921875,4.956972716405,192
119,round_only,0.032196044921875,4.956972716405,192
120,static,0.03045654296875,5.037103994663,93
120,position_only,0.03179931640625,4.974860437721,94
120,rotor,0.03179931640625,4.974860437721,194
120,round_only,0.03179931640625,4.974860437721,194
121,static,0.0308837890625,5.017006425306,97
121,position_only,0.03009033203125,5.054556163622,98
121,rotor,0.0311126708984375,5.006353939983,197
121,round_only,0.0311126708984375,5.006353939983,197
122,static,0.03179931640625,4.974860437721,104
122,position_only,0.03021240234375,5.048715285033,104
122,rotor,0.03082275390625,5.019860422361,207
122,round_only,0.03082275390625,5.019860422361,207
123,static,0.0325927734375,4.939304068312,101
123,position_only,0.0308837890625,5.017006425306,96
123,rotor,0.0313720703125,4.994375450806,186
123,round_only,0.0313720703125,4.994375450806,186
124,static,0.031494140625,4.988772744577,97
124,position_only,0.0302734375,5.045803689613,100
124,rotor,0.0311737060546875,5.003526511267,195
124,round_only,0.0311737060546875,5.003526511267,195
125,static,0.03167724609375,4.980409271642,96
125,position_only,0.03118896484375,5.002820519062,90
125,rotor,0.03155517578125,4.985979529685,192
125,round_only,0.03155517578125,4.985979529685,192
126,static,0.03131103515625,4.997184984393,101
126,position_only,0.03167724609375,4.980409271642,94
126,rotor,0.0317840576171875,4.975552875959,200
126,round_only,0.0317840576171875,4.975552875959,200
127,static,0.03326416015625,4.909887580336,99
127,position_only,0.03143310546875,4.991571377929,98
127,rotor,0.0324249267578125,4.946752874088,195
127,round_only,0.0324249267578125,4.946752874088,195
128,static,0.0321044921875,4.961081010708,94
128,position_only,0.03118896484375,5.002820519062,94
128,rotor,0.0315399169921875,4.986677326575,192
128,round_only,0.0315399169921875,4.986677326575,192
129,static,0.03179931640625,4.974860437721,101
129,position_only,0.03204345703125,4.963826387447,98
129,rotor,0.031646728515625,4.981799821187,193
129,round_only,0.031646728515625,4.981799821187,193
130,static,0.03118896484375,5.002820519062,92
130,position_only,0.0318603515625,4.972094003430,98
130,rotor,0.032012939453125,4.965201037423,196
130,round_only,0.032012939453125,4.965201037423,196
131,static,0.03125,5.000000000000,96
131,position_only,0.03143310546875,4.991571377929,93
131,rotor,0.0306396484375,5.028456446049,195
131,round_only,0.0306396484375,5.028456446049,195
132,static,0.0306396484375,5.028456446049,103
132,position_only,0.0302734375,5.045803689613,92
132,rotor,0.0308990478515625,5.016293807341,202
132,round_only,0.0308990478515625,5.016293807341,202
133,static,0.02935791015625,5.090106916230,99
133,position_only,0.03167724609375,4.980409271642,97
133,rotor,0.03106689453125,5.008478153924,198
133,round_only,0.03106689453125,5.008478153924,198
134,static,0.031005859375,5.011315313228,98
134,position_only,0.03253173828125,4.942008277241,98
134,rotor,0.0318145751953125,4.974168331668,200
134,round_only,0.0318145751953125,4.974168331668,200
135,static,0.0311279296875,5.005646563141,94
135,position_only,0.03228759765625,4.952876087886,92
135,rotor,0.0317840576171875,4.975552875959,200
135,round_only,0.0317840576171875,4.975552875959,200
136,static,0.0313720703125,4.994375450806,101
136,position_only,0.03179931640625,4.974860437721,92
136,rotor,0.031982421875,4.966576998463,205
136,round_only,0.031982421875,4.966576998463,205
137,static,0.03125,5.000000000000,103
137,position_only,0.0316162109375,4.983191712313,102
137,rotor,0.0313720703125,4.994375450806,193
137,round_only,0.0313720703125,4.994375450806,193
138,static,0.03131103515625,4.997184984393,95
138,position_only,0.03106689453125,5.008478153924,100
138,rotor,0.0306854248046875,5.026302633695,189
138,round_only,0.0306854248046875,5.026302633695,189
139,static,0.02978515625,5.069262662437,100
139,position_only,0.03076171875,5.022720076500,101
139,rotor,0.031768798828125,4.976245646701,189
139,round_only,0.031768798828125,4.976245646701,189
140,static,0.0325927734375,4.939304068312,99
140,position_only,0.0323486328125,4.950151450549,98
140,rotor,0.0315093994140625,4.988073933693,194
140,round_only,0.0315093994140625,4.988073933693,194
141,static,0.03131103515625,4.997184984393,99
141,position_only,0.0323486328125,4.950151450549,94
141,rotor,0.031463623046875,4.990171382632,197
141,round_only,0.031463623046875,4.990171382632,197
142,static,0.02996826171875,5.060420785685,101
142,position_only,0.0318603515625,4.972094003430,103
142,rotor,0.03118896484375,5.002820519062,196
142,round_only,0.03118896484375,5.002820519062,196
143,static,0.03326416015625,4.909887580336,100
143,position_only,0.03350830078125,4.899337660995,97
143,rotor,0.032958984375,4.923184402949,200
143,round_only,0.032958984375,4.923184402949,200
144,static,0.03118896484375,5.002820519062,101
144,position_only,0.0301513671875,5.051632768415,94
144,rotor,0.031219482421875,5.001409570255,203
144,round_only,0.031219482421875,5.001409570255,203
145,static,0.03338623046875,4.904602977207,94
145,position_only,0.03070068359375,5.025585410194,94
145,rotor,0.0319671630859375,4.967265471413,195
145,round_only,0.0319671630859375,4.967265471413,195
146,static,0.0323486328125,4.950151450549,96
146,position_only,0.03082275390625,5.019860422361,97
146,rotor,0.0316619873046875,4.981104378878,198
146,round_only,0.0316619873046875,4.981104378878,198
147,static,0.0335693359375,4.896712191588,101
147,position_only,0.03228759765625,4.952876087886,101
147,rotor,0.03228759765625,4.952876087886,197
147,round_only,0.03228759765625,4.952876087886,197
148,static,0.03143310546875,4.991571377929,96
148,position_only,0.03131103515625,4.997184984393,101
148,rotor,0.0319061279296875,4.970022653410,202
148,round_only,0.0319061279296875,4.970022653410,202
149,static,0.0318603515625,4.972094003430,97
149,position_only,0.03125,5.000000000000,96
149,rotor,0.0322723388671875,4.953558051993,197
149,round_only,0.0322723388671875,4.953558051993,197
150,static,0.03094482421875,5.014158062997,96
150,position_only,0.03131103515625,4.997184984393,106
150,rotor,0.0308380126953125,5.019146393620,193
150,round_only,0.0308380126953125,5.019146393620,193
151,static,0.03033447265625,5.042897958438,98
151,position_only,0.03076171875,5.022720076500,102
151,rotor,0.0313262939453125,4.996482087891,194
151,round_only,0.0313262939453125,4.996482087891,194
152,static,0.03057861328125,5.031333206805,99
152,position_only,0.0308837890625,5.017006425306,100
152,rotor,0.031219482421875,5.001409570255,196
152,round_only,0.031219482421875,5.001409570255,196
153,static,0.03057861328125,5.031333206805,102
153,position_only,0.03118896484375,5.002820519062,96
153,rotor,0.031829833984375,4.973476557480,192
153,round_only,0.031829833984375,4.973476557480,192
154,static,0.030517578125,5.034215715338,99
154,position_only,0.03118896484375,5.002820519062,98
154,rotor,0.0316619873046875,4.981104378878,191
154,round_only,0.0316619873046875,4.981104378878,191
155,static,0.03076171875,5.022720076500,102
155,position_only,0.03173828125,4.977632186972,93
155,rotor,0.0322418212890625,4.954922948065,198
155,round_only,0.0322418212890625,4.954922948065,198
156,static,0.03192138671875,4.969332863753,91
156,position_only,0.03009033203125,5.054556163622,96
156,rotor,0.0318145751953125,4.974168331668,187
156,round_only,0.0318145751953125,4.974168331668,187
157,static,0.0308837890625,5.017006425306,92
157,position_only,0.031494140625,4.988772744577,97
157,rotor,0.031097412109375,5.007061663834,194
157,round_only,0.031097412109375,5.007061663834,194
158,static,0.03155517578125,4.985979529685,96
158,position_only,0.03387451171875,4.883656038763,103
158,rotor,0.032867431640625,4.927197465456,195
158,round_only,0.032867431640625,4.927197465456,195
159,static,0.03302001953125,4.920515216173,95
159,position_only,0.033447265625,4.901967917039,102
159,rotor,0.0323028564453125,4.952194445992,191
159,round_only,0.0323028564453125,4.952194445992,191
160,static,0.03173828125,4.977632186972,97
160,position_only,0.032470703125,4.944717564499,102
160,rotor,0.031829833984375,4.973476557480,194
160,round_only,0.031829833984375,4.973476557480,194
161,static,0.031494140625,4.988772744577,98
161,position_only,0.0306396484375,5.028456446049,103
161,rotor,0.0310821533203125,5.007769735034,204
161,round_only,0.0310821533203125,5.007769735034,204
162,static,0.032470703125,4.944717564499,101
162,position_only,0.0311279296875,5.005646563141,103
162,rotor,0.0317230224609375,4.978325957142,186
162,round_only,0.0317230224609375,4.978325957142,186
163,static,0.03179931640625,4.974860437721,99
163,position_only,0.03131103515625,4.997184984393,99
163,rotor,0.0313873291015625,4.993673921475,193
163,round_only,0.0313873291015625,4.993673921475,193
164,static,0.03076171875,5.022720076500,97
164,position_only,0.032958984375,4.923184402949,98
164,rotor,0.03155517578125,4.985979529685,202
164,round_only,0.03155517578125,4.985979529685,202
165,static,0.03277587890625,4.931221722015,98
165,position_only,0.03369140625,4.891475543222,102
165,rotor,0.032440185546875,4.946074118469,200
165,round_only,0.032440185546875,4.946074118469,200
166,static,0.031982421875,4.966576998463,91
166,position_only,0.0318603515625,4.972094003430,97
166,rotor,0.031494140625,4.988772744577,201
166,round_only,0.031494140625,4.988772744577,201
167,static,0.0303955078125,5.039998067932,89
167,position_only,0.03277587890625,4.931221722015,99
167,rotor,0.0316925048828125,4.979714499155,186
167,round_only,0.0316925048828125,4.979714499155,186
168,static,0.0303955078125,5.039998067932,100
168,position_only,0.03045654296875,5.037103994663,96
168,rotor,0.0312042236328125,5.002114872171,202
168,round_only,0.0312042236328125,5.002114872171,202
169,static,0.0323486328125,4.950151450549,97
169,position_only,0.031494140625,4.988772744577,100
169,rotor,0.0317230224609375,4.978325957142,193
169,round_only,0.0317230224609375,4.978325957142,193
170,static,0.0313720703125,4.994375450806,97
170,position_only,0.03240966796875,4.947431949196,99
170,rotor,0.031585693359375,4.984584947613,198
170,round_only,0.031585693359375,4.984584947613,198
171,static,0.03204345703125,4.963826387447,105
171,position_only,0.0318603515625,4.972094003430,102
171,rotor,0.03173828125,4.977632186972,195
171,round_only,0.03173828125,4.977632186972,195
172,static,0.0311279296875,5.005646563141,93
172,position_only,0.03106689453125,5.008478153924,94
172,rotor,0.0312957763671875,4.997888223520,192
172,round_only,0.0312957763671875,4.997888223520,192
173,static,0.0313720703125,4.994375450806,98
173,position_only,0.0321044921875,4.961081010708,103
173,rotor,0.0315704345703125,4.985282070140,202
173,round_only,0.0315704345703125,4.985282070140,202
174,static,0.031982421875,4.966576998463,96
174,position_only,0.0311279296875,5.005646563141,96
174,rotor,0.030731201171875,5.024152031993,198
174,round_only,0.030731201171875,5.024152031993,198
175,static,0.0306396484375,5.028456446049,96
175,position_only,0.030029296875,5.057485494661,97
175,rotor,0.03131103515625,4.997184984393,191
175,round_only,0.03131103515625,4.997184984393,191
176,static,0.03033447265625,5.042897958438,94
176,position_only,0.03106689453125,5.008478153924,96
176,rotor,0.03118896484375,5.002820519062,190
176,round_only,0.03118896484375,5.002820519062,190
177,static,0.03057861328125,5.031333206805,98
177,position_only,0.03131103515625,4.997184984393,97
177,rotor,0.0313873291015625,4.993673921475,204
177,round_only,0.0313873291015625,4.993673921475,204
178,static,0.03179931640625,4.974860437721,97
178,position_only,0.03204345703125,4.963826387447,96
178,rotor,0.0308837890625,5.017006425306,200
178,round_only,0.0308837890625,5.017006425306,200
179,static,0.03277587890625,4.931221722015,99
179,position_only,0.03094482421875,5.014158062997,103
179,rotor,0.0318450927734375,4.972785114840,191
179,round_only,0.0318450927734375,4.972785114840,191
180,static,0.03082275390625,5.019860422361,99
180,position_only,0.02996826171875,5.060420785685,93
180,rotor,0.0308990478515625,5.016293807341,189
180,round_only,0.0308990478515625,5.016293807341,189
181,static,0.032470703125,4.944717564499,95
181,position_only,0.0321044921875,4.961081010708,102
181,rotor,0.0324554443359375,4.945395682039,197
181,round_only,0.0324554443359375,4.945395682039,197
182,static,0.031494140625,4.988772744577,96
182,position_only,0.03131103515625,4.997184984393,102
182,rotor,0.0324249267578125,4.946752874088,202
182,round_only,0.0324249267578125,4.946752874088,202
183,static,0.03082275390625,5.019860422361,100
183,position_only,0.0303955078125,5.039998067932,97
183,rotor,0.0315704345703125,4.985282070140,200
183,round_only,0.0315704345703125,4.985282070140,200
184,static,0.02978515625,5.069262662437,99
184,position_only,0.0316162109375,4.983191712313,100
184,rotor,0.031829833984375,4.973476557480,199
184,round_only,0.031829833984375,4.973476557480,199
185,static,0.03155517578125,4.985979529685,100
185,position_only,0.0323486328125,4.950151450549,98
185,rotor,0.031890869140625,4.970712773032,204
185,round_only,0.031890869140625,4.970712773032,204
186,static,0.03216552734375,4.958340848363,102
186,position_only,0.03179931640625,4.974860437721,99
186,rotor,0.0327301025390625,4.933238067613,195
186,round_only,0.0327301025390625,4.933238067613,195
187,static,0.03131103515625,4.997184984393,96
187,position_only,0.03216552734375,4.958340848363,90
187,rotor,0.0315093994140625,4.988073933693,199
187,round_only,0.0315093994140625,4.988073933693,199
188,static,0.03106689453125,5.008478153924,98
188,position_only,0.03131103515625,4.997184984393,94
188,rotor,0.031463623046875,4.990171382632,193
188,round_only,0.031463623046875,4.990171382632,193
189,static,0.03155517578125,4.985979529685,95
189,position_only,0.0325927734375,4.939304068312,100
189,rotor,0.0313873291015625,4.993673921475,199
189,round_only,0.0313873291015625,4.993673921475,199
190,static,0.03179931640625,4.974860437721,96
190,position_only,0.03179931640625,4.974860437721,98
190,rotor,0.0316314697265625,4.982495598891,197
190,round_only,0.0316314697265625,4.982495598891,197
191,static,0.03265380859375,4.936604918711,94
191,position_only,0.03076171875,5.022720076500,97
191,rotor,0.032135009765625,4.959710278974,184
191,round_only,0.032135009765625,4.959710278974,184
192,static,0.03350830078125,4.899337660995,105
192,position_only,0.03216552734375,4.958340848363,99
192,rotor,0.0323638916015625,4.949471094469,202
192,round_only,0.0323638916015625,4.949471094469,202
193,static,0.03253173828125,4.942008277241,96
193,position_only,0.03265380859375,4.936604918711,98
193,rotor,0.032623291015625,4.937953862280,195
193,round_only,0.032623291015625,4.937953862280,195
194,static,0.0311279296875,5.005646563141,96
194,position_only,0.03179931640625,4.974860437721,103
194,rotor,0.0319366455078125,4.968643403744,199
194,round_only,0.0319366455078125,4.968643403744,199
195,static,0.03070068359375,5.025585410194,97
195,position_only,0.03033447265625,5.042897958438,96
195,rotor,0.0311126708984375,5.006353939983,199
195,round_only,0.0311126708984375,5.006353939983,199
196,static,0.03155517578125,4.985979529685,100
196,position_only,0.03070068359375,5.025585410194,98
196,rotor,0.0314788818359375,4.989471894114,201
196,round_only,0.0314788818359375,4.989471894114,201
197,static,0.0323486328125,4.950151450549,95
197,position_only,0.0316162109375,4.983191712313,96
197,rotor,0.0321502685546875,4.959025401183,186
197,round_only,0.0321502685546875,4.959025401183,186
198,static,0.032470703125,4.944717564499,99
198,position_only,0.03216552734375,4.958340848363,95
198,rotor,0.0319671630859375,4.967265471413,196
198,round_only,0.0319671630859375,4.967265471413,196
199,static,0.03143310546875,4.991571377929,96
199,position_only,0.031494140625,4.988772744577,98
199,rotor,0.031280517578125,4.998591805607,190
199,round_only,0.031280517578125,4.998591805607,190
200,static,0.0343017578125,4.865573679779,97
200,position_only,0.0321044921875,4.961081010708,98
200,rotor,0.032928466796875,4.924520850512,196
200,round_only,0.032928466796875,4.924520850512,196
201,static,0.0328369140625,4.928537637443,89
201,position_only,0.03118896484375,5.002820519062,99
201,rotor,0.0316314697265625,4.982495598891,192
201,round_only,0.0316314697265625,4.982495598891,192
202,static,0.0321044921875,4.961081010708,99
202,position_only,0.03155517578125,4.985979529685,99
202,rotor,0.0316925048828125,4.979714499155,194
202,round_only,0.0316925048828125,4.979714499155,194
203,static,0.0325927734375,4.939304068312,98
203,position_only,0.03289794921875,4.925858537247,97
203,rotor,0.0324249267578125,4.946752874088,195
203,round_only,0.0324249267578125,4.946752874088,195
204,static,0.031494140625,4.988772744577,100
204,position_only,0.03125,5.000000000000,101
204,rotor,0.0317840576171875,4.975552875959,209
204,round_only,0.0317840576171875,4.975552875959,209
205,static,0.0313720703125,4.994375450806,95
205,position_only,0.03314208984375,4.915191612196,101
205,rotor,0.0321197509765625,4.960395482046,199
205,round_only,0.0321197509765625,4.960395482046,199
206,static,0.0325927734375,4.939304068312,97
206,position_only,0.03125,5.000000000000,101
206,rotor,0.0312957763671875,4.997888223520,198
206,round_only,0.0312957763671875,4.997888223520,198
207,static,0.0308837890625,5.017006425306,102
207,position_only,0.03265380859375,4.936604918711,96
207,rotor,0.0312652587890625,4.999295730989,199
207,round_only,0.0312652587890625,4.999295730989,199
208,static,0.03167724609375,4.980409271642,99
208,position_only,0.031982421875,4.966576998463,101
208,rotor,0.03204345703125,4.963826387447,192
208,round_only,0.03204345703125,4.963826387447,192
209,static,0.03179931640625,4.974860437721,106
209,position_only,0.03118896484375,5.002820519062,91
209,rotor,0.031036376953125,5.009896036143,192
209,round_only,0.031036376953125,5.009896036143,192
210,static,0.02972412109375,5.072222037918,101
210,position_only,0.02947998046875,5.084120621164,99
210,rotor,0.03106689453125,5.008478153924,203
210,round_only,0.03106689453125,5.008478153924,203
211,static,0.030029296875,5.057485494661,101
211,position_only,0.0325927734375,4.939304068312,102
211,rotor,0.0316314697265625,4.982495598891,203
211,round_only,0.0316314697265625,4.982495598891,203
212,static,0.0323486328125,4.950151450549,97
212,position_only,0.0328369140625,4.928537637443,103
212,rotor,0.0323333740234375,4.950832127628,194
212,round_only,0.0323333740234375,4.950832127628,194
213,static,0.03216552734375,4.958340848363,96
213,position_only,0.033203125,4.912537158750,98
213,rotor,0.0318603515625,4.972094003430,178
213,round_only,0.0318603515625,4.972094003430,178
214,static,0.0308837890625,5.017006425306,101
214,position_only,0.03167724609375,4.980409271642,108
214,rotor,0.03131103515625,4.997184984393,196
214,round_only,0.03131103515625,4.997184984393,196
215,static,0.03143310546875,4.991571377929,98
215,position_only,0.03094482421875,5.014158062997,96
215,rotor,0.031402587890625,4.992972733106,212
215,round_only,0.031402587890625,4.992972733106,212
216,static,0.031982421875,4.966576998463,104
216,position_only,0.0316162109375,4.983191712313,94
216,rotor,0.0319671630859375,4.967265471413,197
216,round_only,0.0319671630859375,4.967265471413,197
217,static,0.03240966796875,4.947431949196,99
217,position_only,0.03228759765625,4.952876087886,96
217,rotor,0.032562255859375,4.940655539176,194
217,round_only,0.032562255859375,4.940655539176,194
218,static,0.0321044921875,4.961081010708,100
218,position_only,0.03033447265625,5.042897958438,92
218,rotor,0.0317230224609375,4.978325957142,195
218,round_only,0.0317230224609375,4.978325957142,195
219,static,0.03045654296875,5.037103994663,103
219,position_only,0.03265380859375,4.936604918711,96
219,rotor,0.03143310546875,4.991571377929,201
219,round_only,0.03143310546875,4.991571377929,201
220,static,0.031982421875,4.966576998463,103
220,position_only,0.0323486328125,4.950151450549,93
220,rotor,0.03192138671875,4.969332863753,192
220,round_only,0.03192138671875,4.969332863753,192
221,static,0.0311279296875,5.005646563141,103
221,position_only,0.0301513671875,5.051632768415,101
221,rotor,0.031341552734375,4.995779533682,198
221,round_only,0.031341552734375,4.995779533682,198
222,static,0.03070068359375,5.025585410194,97
222,position_only,0.03118896484375,5.002820519062,97
222,rotor,0.03106689453125,5.008478153924,197
222,round_only,0.03106689453125,5.008478153924,197
223,static,0.03125,5.000000000000,103
223,position_only,0.03143310546875,4.991571377929,97
223,rotor,0.03155517578125,4.985979529685,203
223,round_only,0.03155517578125,4.985979529685,203
224,static,0.032958984375,4.923184402949,95
224,position_only,0.03375244140625,4.888864329765,95
224,rotor,0.03228759765625,4.952876087886,200
224,round_only,0.03228759765625,4.952876087886,200
225,static,0.03094482421875,5.014158062997,93
225,position_only,0.0325927734375,4.939304068312,96
225,rotor,0.032135009765625,4.959710278974,197
225,round_only,0.032135009765625,4.959710278974,197
226,static,0.03082275390625,5.019860422361,95
226,position_only,0.031005859375,5.011315313228,94
226,rotor,0.0311431884765625,5.004939532967,192
226,round_only,0.0311431884765625,5.004939532967,192
227,static,0.03192138671875,4.969332863753,92
227,position_only,0.03118896484375,5.002820519062,95
227,rotor,0.0318603515625,4.972094003430,191
227,round_only,0.0318603515625,4.972094003430,191
228,static,0.0323486328125,4.950151450549,95
228,position_only,0.03228759765625,4.952876087886,104
228,rotor,0.0319061279296875,4.970022653410,197
228,round_only,0.0319061279296875,4.970022653410,197
229,static,0.03057861328125,5.031333206805,100
229,position_only,0.0306396484375,5.028456446049,96
229,rotor,0.0312042236328125,5.002114872171,200
229,round_only,0.0312042236328125,5.002114872171,200
230,static,0.031494140625,4.988772744577,98
230,position_only,0.03179931640625,4.974860437721,95
230,rotor,0.0312957763671875,4.997888223520,204
230,round_only,0.0312957763671875,4.997888223520,204
231,static,0.03173828125,4.977632186972,94
231,position_only,0.03173828125,4.977632186972,99
231,rotor,0.0318450927734375,4.972785114840,204
231,round_only,0.0318450927734375,4.972785114840,204
232,static,0.03204345703125,4.963826387447,94
232,position_only,0.03070068359375,5.025585410194,101
232,rotor,0.0305938720703125,5.030613478658,203
232,round_only,0.0305938720703125,5.030613478658,203
233,static,0.03125,5.000000000000,97
233,position_only,0.032470703125,4.944717564499,97
233,rotor,0.0314483642578125,4.990871210461,195
233,round_only,0.0314483642578125,4.990871210461,195
234,static,0.0325927734375,4.939304068312,108
234,position_only,0.03118896484375,5.002820519062,98
234,rotor,0.0316619873046875,4.981104378878,203
234,round_only,0.0316619873046875,4.981104378878,203
235,static,0.03271484375,4.933910809542,104
235,position_only,0.03094482421875,5.014158062997,103
235,rotor,0.03192138671875,4.969332863753,212
235,round_only,0.03192138671875,4.969332863753,212
236,static,0.0338134765625,4.886257833951,94
236,position_only,0.0318603515625,4.972094003430,99
236,rotor,0.03167724609375,4.980409271642,192
236,round_only,0.03167724609375,4.980409271642,192
237,static,0.0301513671875,5.051632768415,98
237,position_only,0.03143310546875,4.991571377929,94
237,rotor,0.0313873291015625,4.993673921475,189
237,round_only,0.0313873291015625,4.993673921475,189
238,static,0.03179931640625,4.974860437721,101
238,position_only,0.03369140625,4.891475543222,98
238,rotor,0.0318450927734375,4.972785114840,190
238,round_only,0.0318450927734375,4.972785114840,190
239,static,0.03228759765625,4.952876087886,93
239,position_only,0.03363037109375,4.894091491429,100
239,rotor,0.0312957763671875,4.997888223520,197
239,round_only,0.0312957763671875,4.997888223520,197
240,static,0.031005859375,5.011315313228,90
240,position_only,0.0302734375,5.045803689613,92
240,rotor,0.0313262939453125,4.996482087891,187
240,round_only,0.0313262939453125,4.996482087891,187
241,static,0.03228759765625,4.952876087886,98
241,position_only,0.03118896484375,5.002820519062,96
241,rotor,0.0318756103515625,4.971403222933,203
241,round_only,0.0318756103515625,4.971403222933,203
242,static,0.0316162109375,4.983191712313,100
242,position_only,0.03057861328125,5.031333206805,104
242,rotor,0.03167724609375,4.980409271642,197
242,round_only,0.03167724609375,4.980409271642,197
243,static,0.03271484375,4.933910809542,100
243,position_only,0.03228759765625,4.952876087886,100
243,rotor,0.03179931640625,4.974860437721,198
243,round_only,0.03179931640625,4.974860437721,198
244,static,0.0321044921875,4.961081010708,100
244,position_only,0.0323486328125,4.950151450549,93
244,rotor,0.0323638916015625,4.949471094469,194
244,round_only,0.0323638916015625,4.949471094469,194
245,static,0.0313720703125,4.994375450806,93
245,position_only,0.03179931640625,4.974860437721,96
245,rotor,0.0316009521484375,4.983888161779,199
245,round_only,0.0316009521484375,4.983888161779,199
246,static,0.03179931640625,4.974860437721,94
246,position_only,0.0318603515625,4.972094003430,96
246,rotor,0.03167724609375,4.980409271642,194
246,round_only,0.03167724609375,4.980409271642,194
247,static,0.0303955078125,5.039998067932,99
247,position_only,0.0302734375,5.045803689613,99
247,rotor,0.03143310546875,4.991571377929,195
247,round_only,0.03143310546875,4.991571377929,195
248,static,0.0301513671875,5.051632768415,98
248,position_only,0.02984619140625,5.066309345048,97
248,rotor,0.030731201171875,5.024152031993,195
248,round_only,0.030731201171875,5.024152031993,195
249,static,0.03070068359375,5.025585410194,94
249,position_only,0.03179931640625,4.974860437721,100
249,rotor,0.0311737060546875,5.003526511267,197
249,round_only,0.0311737060546875,5.003526511267,197
250,static,0.03155517578125,4.985979529685,91
250,position_only,0.0313720703125,4.994375450806,92
250,rotor,0.0312042236328125,5.002114872171,200
250,round_only,0.0312042236328125,5.002114872171,200
251,static,0.0302734375,5.045803689613,99
251,position_only,0.0306396484375,5.028456446049,102
251,rotor,0.0310516357421875,5.009186920846,193
251,round_only,0.0310516357421875,5.009186920846,193
252,static,0.03070068359375,5.025585410194,98
252,position_only,0.03070068359375,5.025585410194,92
252,rotor,0.031646728515625,4.981799821187,196
252,round_only,0.031646728515625,4.981799821187,196
253,static,0.0303955078125,5.039998067932,95
253,position_only,0.0313720703125,4.994375450806,101
253,rotor,0.0310821533203125,5.007769735034,193
253,round_only,0.0310821533203125,5.007769735034,193
254,static,0.03143310546875,4.991571377929,103
254,position_only,0.03179931640625,4.974860437721,97
254,rotor,0.0314483642578125,4.990871210461,202
254,round_only,0.0314483642578125,4.990871210461,202
255,static,0.03143310546875,4.991571377929,98
255,position_only,0.03363037109375,4.894091491429,93
255,rotor,0.0310516357421875,5.009186920846,194
255,round_only,0.0310516357421875,5.009186920846,194
