context_index,variant,period_rounds,spectral_decay_bits_per_round,period_perron_factor,iterations
0,static,16,4.976993690570,1.067602973037796e-24,9
0,position_only,16,5.006540833896,7.6930145121153622e-25,12
0,rotor,16,5.000773627144,8.2011392740187271e-25,9
0,round_only,16,5.007923531940,7.5759450210709252e-25,10
1,static,16,4.902432154323,2.4408096825505744e-24,12
1,position_only,16,4.906254970740,2.3394911083020877e-24,11
1,rotor,16,4.956256825798,1.3436571501405031e-24,10
1,round_only,16,4.960302270172,1.284705744009213e-24,10
2,static,16,4.952788792396,1.3963432205598719e-24,11
2,position_only,16,5.011436213532,7.2864846430704077e-25,10
2,rotor,16,4.990662982992,9.1742781241577308e-25,10
2,round_only,16,4.995108419837,8.7329413720751868e-25,10
3,static,16,4.965537960182,1.2122329096284866e-24,11
3,position_only,16,5.018743098378,6.7193086335490804e-25,14
3,rotor,16,5.008830372834,7.5001341835614685e-25,10
3,round_only,16,5.011965449104,7.2438425393562505e-25,12
4,static,16,4.949217004065,1.4527658674971462e-24,10
4,position_only,16,4.985542948216,9.7102955059124277e-25,9
4,rotor,16,4.986397605214,9.6186917775639964e-25,10
4,round_only,16,4.982475728265,1.0046288599961343e-24,10
5,static,16,4.976052908570,1.0788002344233171e-24,10
5,position_only,16,4.953416461927,1.3866569193586261e-24,12
5,rotor,16,4.994749287148,8.767793242480087e-25,12
5,round_only,16,4.983888329449,9.8901273710677037e-25,10
6,static,16,4.986476864160,9.6102405677857542e-25,12
6,position_only,16,4.949885984117,1.4420273539151484e-24,11
6,rotor,16,5.007017510710,7.6524525852881863e-25,11
6,round_only,16,5.001911354890,8.0983090125768956e-25,11
7,static,16,4.945859365483,1.5078829357576976e-24,9
7,position_only,16,4.879287001489,3.1550923932282185e-24,10
7,rotor,16,4.930883458614,1.7803229131398812e-24,10
7,round_only,16,4.937749975675,1.6497811597658513e-24,11
8,static,16,4.963661096636,1.2377300802853789e-24,11
8,position_only,16,4.956462755082,1.3405919686859147e-24,10
8,rotor,16,4.963547923922,1.2392845622836082e-24,10
8,round_only,16,4.966992201424,1.1928387700969559e-24,10
9,static,16,4.958943186547,1.3042164237471791e-24,11
9,position_only,16,4.984610479201,9.8112347025599167e-25,9
9,rotor,16,4.971210543140,1.1383195326505753e-24,10
9,round_only,16,4.977436877134,1.0623684761993518e-24,9
10,static,16,4.974642388000,1.0958087808554743e-24,11
10,position_only,16,4.952656728187,1.3983898576497942e-24,10
10,rotor,16,4.980039264927,1.032145270218228e-24,9
10,round_only,16,4.982447892878,1.0049390411442382e-24,11
11,static,16,4.998778381224,8.3846366903806659e-25,9
11,position_only,16,5.032953470770,5.7395866433793605e-25,11
11,rotor,16,4.986435416731,9.6146590907437516e-25,11
11,round_only,16,4.995370187913,8.7076255274341695e-25,9
12,static,16,4.963764521941,1.2363111889041924e-24,10
12,position_only,16,4.999707207506,8.2987097650552831e-25,12
12,rotor,16,4.969357308698,1.1619575295923177e-24,9
12,round_only,16,4.961203710291,1.271926154133918e-24,11
13,static,16,5.005698895442,7.7651836484787587e-25,10
13,position_only,16,5.021376023028,6.5259412688314177e-25,11
13,rotor,16,5.007890961181,7.5786821078550729e-25,11
13,round_only,16,5.020276278517,6.6060226487599464e-25,12
14,static,16,4.913613353905,2.1561545840017473e-24,10
14,position_only,16,4.874555939652,3.3250573930727731e-24,10
14,rotor,16,4.889384035805,2.8208495159443641e-24,10
14,round_only,16,4.892913474751,2.712566828769002e-24,10
15,static,16,5.021436470099,6.5215678778541721e-25,10
15,position_only,16,5.050187216723,4.7410509745231242e-25,10
15,rotor,16,5.000562259022,8.2203865044222362e-25,12
15,round_only,16,5.004377698282,7.8798010218270015e-25,10
16,static,16,4.933953851775,1.7207203476523952e-24,9
16,position_only,16,5.002437927072,8.0511537459079325e-25,10
16,rotor,16,4.999908083741,8.2802425710873338e-25,10
16,round_only,16,4.988195929459,9.4287564049731494e-25,10
17,static,16,4.967456991108,1.1867058850256195e-24,10
17,position_only,16,4.896991418699,2.5926214593371639e-24,10
17,rotor,16,4.961926452182,1.2617718259434013e-24,10
17,round_only,16,4.948650124097,1.4619280318937843e-24,10
18,static,16,4.989545381907,9.2886971884333212e-25,9
18,position_only,16,4.944087257304,1.5378109534157024e-24,11
18,rotor,16,4.961855733985,1.2627618090170782e-24,10
18,round_only,16,4.964823664630,1.2218741029169012e-24,11
19,static,16,4.928043040596,1.8372979807032077e-24,12
19,position_only,16,4.984843721039,9.7858884369136089e-25,10
19,rotor,16,4.946464308009,1.4978003679054597e-24,10
19,round_only,16,4.953835493797,1.3802277808441019e-24,11
20,static,16,4.956255352052,1.3436791115314696e-24,12
20,position_only,16,4.955482127096,1.3552511618695908e-24,11
20,rotor,16,4.990268516725,9.2145014086888982e-25,9
20,round_only,16,4.996956520770,8.5557720163798701e-25,12
21,static,16,4.952835577107,1.3956189031822907e-24,10
21,position_only,16,5.026804772894,6.1446294241976604e-25,10
21,rotor,16,4.996438735116,8.6050442453498697e-25,11
21,round_only,16,4.995398896641,8.7048535480674928e-25,10
22,static,16,4.987206383065,9.5328014170160826e-25,9
22,position_only,16,4.997747339801,8.4810620279636567e-25,12
22,rotor,16,4.995816095975,8.6646701933433004e-25,10
22,round_only,16,5.005810373037,7.7555892814607627e-25,10
23,static,16,4.953239562157,1.3893800458921984e-24,10
23,position_only,16,4.999076355637,8.3569742004027099e-25,10
23,rotor,16,4.998113886243,8.4466553882882963e-25,9
23,round_only,16,5.001338700813,8.1499045289759081e-25,12
24,static,16,4.840635157345,4.843707543795362e-24,10
24,position_only,16,4.911513315191,2.2069611511192953e-24,11
24,rotor,16,4.954297898051,1.373167777207269e-24,9
24,round_only,16,4.953147386938,1.3908010740323838e-24,10
25,static,16,4.974695134746,1.0951679419378316e-24,10
25,position_only,16,4.978042161497,1.0552608722710727e-24,12
25,rotor,16,5.007972604866,7.5718230395065143e-25,11
25,round_only,16,5.006247772663,7.7180586635244744e-25,12
26,static,16,4.967517079153,1.1859153303429716e-24,10
26,position_only,16,4.901170404868,2.4752046280655908e-24,9
26,rotor,16,4.950990502168,1.4244709917587577e-24,9
26,round_only,16,4.961456744195,1.268361832938015e-24,11
27,static,16,4.991838342646,9.0554660299203523e-25,10
27,position_only,16,4.939400495551,1.6198568764927221e-24,11
27,rotor,16,4.995736444385,8.6723276362463634e-25,11
27,round_only,16,5.000431285248,8.232335667198793e-25,10
28,static,16,4.953376632999,1.3872695645149188e-24,12
28,position_only,16,4.935163586157,1.6977886773916705e-24,10
28,rotor,16,4.940346917033,1.6029435333209849e-24,10
28,round_only,16,4.950477711791,1.4325950761749926e-24,11
29,static,16,4.930476864730,1.7883689980300109e-24,9
29,position_only,16,4.984915279538,9.7781253471333426e-25,10
29,rotor,16,4.949552765187,1.4473662482559598e-24,10
29,round_only,16,4.953851836657,1.379977639821509e-24,11
30,static,16,4.919283624443,2.0247394737321557e-24,10
30,position_only,16,4.971425855029,1.1356045989929178e-24,10
30,rotor,16,4.991835493041,9.0557522154719537e-25,9
30,round_only,16,4.995051612203,8.7384450055165102e-25,10
31,static,16,4.964461882057,1.2267864732314127e-24,12
31,position_only,16,4.895976716842,2.6219620564233735e-24,11
31,rotor,16,4.997436582017,8.5103417057568529e-25,11
31,round_only,16,4.992276139156,9.0116054214577683e-25,11
32,static,16,4.933715532681,1.7252743015896158e-24,9
32,position_only,16,4.935305379914,1.6951209296657164e-24,9
32,rotor,16,4.949686111024,1.445227388761522e-24,9
32,round_only,16,4.954264295438,1.3736796040086856e-24,10
33,static,16,5.001020233881,8.1787401612897388e-25,9
33,position_only,16,4.920486589003,1.9979062025317489e-24,10
33,rotor,16,5.009514110642,7.4434765399670816e-25,10
33,round_only,16,4.982655740667,1.0026252182169778e-24,11
34,static,16,4.953700358099,1.382297882998577e-24,10
34,position_only,16,5.036031482333,5.5469651246489343e-25,11
34,rotor,16,4.982752402693,1.0015509636825574e-24,10
34,round_only,16,4.976756646719,1.0704132873528678e-24,11
35,static,16,5.015494594581,6.9657990710147298e-25,10
35,position_only,16,4.957006166049,1.3325370260974757e-24,9
35,rotor,16,4.977951335546,1.0563243636635461e-24,9
35,round_only,16,4.973424798471,1.1107063932881968e-24,9
36,static,16,4.954061499514,1.3767725945220435e-24,9
36,position_only,16,4.975558152735,1.0847359001596408e-24,10
36,rotor,16,4.959320790768,1.298766092415907e-24,11
36,round_only,16,4.976426611000,1.0743384072557298e-24,10
37,static,16,4.966690910248,1.1968312191805991e-24,9
37,position_only,16,4.930222604449,1.7934190234293725e-24,10
37,rotor,16,4.946160210789,1.5028602963107798e-24,10
37,round_only,16,4.949157123377,1.4537309669568274e-24,10
38,static,16,4.938787426380,1.6309080607318953e-24,9
38,position_only,16,4.944606249255,1.5289850380507594e-24,11
38,rotor,16,4.952077798079,1.4073971610963535e-24,10
38,round_only,16,4.949427096670,1.4493848611891313e-24,11
39,static,16,4.992683302641,8.9710044657716099e-25,10
39,position_only,16,4.966407199948,1.2006029168837852e-24,11
39,rotor,16,4.978866159774,1.045661370163572e-24,9
39,round_only,16,4.994104306414,8.8307346832452942e-25,10
40,static,16,4.981454084692,1.0160764268094192e-24,11
40,position_only,16,4.983377806725,9.9462828903116721e-25,10
40,rotor,16,4.970937605688,1.1417704156059725e-24,10
40,round_only,16,4.961896795717,1.2621868918702486e-24,11
41,static,16,4.913368571112,2.1620159096802033e-24,9
41,position_only,16,5.019305124307,6.6775569880952825e-25,12
41,rotor,16,5.006249527473,7.7179084602292394e-25,11
41,round_only,16,4.990081377361,9.2336454308955566e-25,11
42,static,16,5.022378383586,6.4537971579345151e-25,9
42,position_only,16,4.951424198575,1.4176359550654629e-24,9
42,rotor,16,5.010517387134,7.3611143257404723e-25,10
42,round_only,16,5.015577791497,6.959374808675166e-25,10
43,static,16,4.938294483534,1.6398485061589264e-24,11
43,position_only,16,4.970724381660,1.144473589401632e-24,13
43,rotor,16,4.966268553684,1.2024504275072126e-24,10
43,round_only,16,4.951133417016,1.4222150271772931e-24,11
44,static,16,5.042482094619,5.1639994904205303e-25,10
44,position_only,16,5.056112495865,4.4395161141520383e-25,10
44,rotor,16,5.003826716146,7.9280986480405354e-25,10
44,round_only,16,5.014703571642,7.0271769435115724e-25,9
45,static,16,5.027893478062,6.0708844888563395e-25,11
45,position_only,16,4.941368716397,1.5848813235737393e-24,9
45,rotor,16,4.998999991332,8.3640547802695431e-25,10
45,round_only,16,5.000899500327,8.1896986490904667e-25,10
46,static,16,4.934639696714,1.7076817451888627e-24,10
46,position_only,16,4.986450576738,9.6130427153755922e-25,11
46,rotor,16,5.007490135455,7.6124466111196774e-25,10
46,round_only,16,5.014030936966,7.0797939889400771e-25,11
47,static,16,4.899197242273,2.5299667087099765e-24,12
47,position_only,16,4.950302512188,1.4353813513679507e-24,10
47,rotor,16,4.977907613564,1.0568366914226706e-24,10
47,round_only,16,4.980099055127,1.0314610871851337e-24,10
48,static,16,4.996944979578,8.5568671903696113e-25,10
48,position_only,16,4.948634570745,1.4621802248219272e-24,11
48,rotor,16,4.996944674177,8.5568961725767041e-25,11
48,round_only,16,4.991829281893,9.0563760319472666e-25,11
49,static,16,4.985072829076,9.7610551390407933e-25,10
49,position_only,16,4.996892347634,8.5618633510387281e-25,11
49,rotor,16,4.991180632826,9.1217602187766877e-25,11
49,round_only,16,4.990888194250,9.151392371849e-25,11
50,static,16,4.969318919500,1.1624523381283334e-24,11
50,position_only,16,5.016441580351,6.8930242298163347e-25,11
50,rotor,16,5.011018597524,7.3203103391458772e-25,11
50,round_only,16,5.004384056464,7.8792454011712176e-25,10
51,static,16,5.033947429663,5.6766645749288309e-25,9
51,position_only,16,4.947937370811,1.4735299094383545e-24,10
51,rotor,16,4.967912007277,1.1807325064150405e-24,10
51,round_only,16,4.970168114327,1.1515559019687091e-24,10
52,static,16,4.988592254587,9.387404323787541e-25,11
52,position_only,16,5.009085391343,7.4789519292033061e-25,11
52,rotor,16,5.003927716812,7.919223093070441e-25,11
52,round_only,16,5.025499379095,6.2342339981899291e-25,10
53,static,16,4.951505659653,1.4163557953495516e-24,11
53,position_only,16,4.995019481004,8.7415594738795079e-25,12
53,rotor,16,4.986608332021,9.5962388044731381e-25,11
53,round_only,16,4.998547085028,8.4061722081837935e-25,11
54,static,16,5.012420612634,7.207368301965247e-25,11
54,position_only,16,4.956675405523,1.3374340835358291e-24,10
54,rotor,16,5.004956041496,7.8294214706082845e-25,10
54,round_only,16,5.006226138360,7.7199106957408676e-25,10
55,static,16,4.949943795876,1.4411030901905459e-24,11
55,position_only,16,5.053873309276,4.5511445971561984e-25,11
55,rotor,16,4.963058714400,1.2460265825129802e-24,10
55,round_only,16,4.956583933022,1.3387915486819509e-24,12
56,static,16,4.979454806435,1.0388572126039895e-24,10
56,position_only,16,5.024385376291,6.3117337613420779e-25,9
56,rotor,16,5.040296919183,5.2906745154118463e-25,11
56,round_only,16,5.044799898364,5.0329490683638852e-25,10
57,static,16,4.899204090675,2.5297745619855983e-24,10
57,position_only,16,4.955242636259,1.3588555455289973e-24,10
57,rotor,16,4.983861958721,9.8930202678763193e-25,12
57,round_only,16,4.975213302025,1.0888924340836013e-24,10
58,static,16,5.036460642842,5.520626838061649e-25,10
58,position_only,16,5.064492869053,4.0454956397158622e-25,12
58,rotor,16,5.038099645397,5.4211842693066e-25,12
58,round_only,16,5.026800430360,6.1449253581512517e-25,11
59,static,16,4.952232404409,1.4049860506206313e-24,11
59,position_only,16,4.963143329096,1.2448578508931525e-24,13
59,rotor,16,4.961411549282,1.2689977302787813e-24,12
59,round_only,16,4.962498432975,1.2537931472575947e-24,11
60,static,16,4.928480716853,1.8284013733027562e-24,10
60,position_only,16,4.912009835854,2.1948417191002349e-24,10
60,rotor,16,5.014046932377,7.0785381818301563e-25,10
60,round_only,16,4.985473980516,9.7177255216654366e-25,11
61,static,16,4.973198111443,1.1135022661262891e-24,9
61,position_only,16,4.948464519253,1.4649403983475933e-24,13
61,rotor,16,4.952776900436,1.3965273909196869e-24,11
61,round_only,16,4.944188346787,1.5360878515942551e-24,11
62,static,16,4.980640635855,1.0252843675395725e-24,9
62,position_only,16,5.029532398809,5.9615355859207024e-25,11
62,rotor,16,5.004909602509,7.8334548557786155e-25,10
62,round_only,16,5.004012598333,7.9117717120290168e-25,10
63,static,16,4.962492986337,1.2538688850967145e-24,12
63,position_only,16,4.899475826331,2.5221621961135383e-24,13
63,rotor,16,4.988147352542,9.4338373769419154e-25,10
63,round_only,16,4.992087592553,9.0304688429469176e-25,12
64,static,16,4.899601321541,2.5186543266964276e-24,10
64,position_only,16,4.991262249676,9.1135073034847072e-25,11
64,rotor,16,4.972892518435,1.117282477731066e-24,11
64,round_only,16,4.983240080651,9.9614867599678562e-25,12
65,static,16,4.953826520092,1.380365150118892e-24,11
65,position_only,16,4.874389798731,3.3311896645245593e-24,11
65,rotor,16,4.980712492032,1.0244676331301439e-24,11
65,round_only,16,4.986402310479,9.6181898579083169e-25,10
66,static,16,5.010989526104,7.3226708782807621e-25,10
66,position_only,16,4.989907256982,9.2514933517811357e-25,9
66,rotor,16,4.956104915000,1.3459227773024677e-24,11
66,round_only,16,4.966025708568,1.205693278248296e-24,9
67,static,16,4.982233033793,1.0073365290219283e-24,10
67,position_only,16,5.023627707767,6.3649935312062401e-25,13
67,rotor,16,5.004000482346,7.9128348928965531e-25,10
67,round_only,16,5.012747977635,7.1812487171233661e-25,12
68,static,16,4.989734154185,9.2692711638254174e-25,12
68,position_only,16,5.041944530743,5.1948780431728704e-25,11
68,rotor,16,5.024138541439,6.3290357159510179e-25,12
68,round_only,16,5.026908153344,6.1375884846278423e-25,11
69,static,16,4.968277533569,1.1759557223787757e-24,11
69,position_only,16,5.005009305524,7.8247978642519862e-25,11
69,rotor,16,5.014080008940,7.0759420320814492e-25,10
69,round_only,16,5.014560181319,7.0383607988347527e-25,11
70,static,16,4.920968823304,1.9872496232890221e-24,9
70,position_only,16,4.979877309046,1.034000822008846e-24,10
70,rotor,16,4.954841031927,1.3649212974190679e-24,12
70,round_only,16,4.960664363822,1.2795570355514379e-24,11
71,static,16,4.961680288992,1.2652212162286816e-24,10
71,position_only,16,4.913248844643,2.1648885606605081e-24,9
71,rotor,16,4.989014962053,9.3434993924455764e-25,10
71,round_only,16,4.978170160060,1.0537639399742114e-24,9
72,static,16,4.946028065125,1.5050644163851525e-24,11
72,position_only,16,5.033716917072,5.6911953432167105e-25,12
72,rotor,16,5.006474715156,7.6986577167847826e-25,11
72,round_only,16,5.001731913108,8.1144412859020923e-25,10
73,static,16,4.964554305118,1.2255296557430344e-24,10
73,position_only,16,4.994726519053,8.770007444606714e-25,10
73,rotor,16,4.999434452073,8.3238509912158358e-25,10
73,round_only,16,5.006945092085,7.6586011079596126e-25,13
74,static,16,4.904971935630,2.3730184332669102e-24,9
74,position_only,16,4.982876881245,1.0001692651815896e-24,11
74,rotor,16,4.988432020140,9.4041011064350719e-25,7
74,round_only,16,4.986204526366,9.6393104744276426e-25,10
75,static,16,4.965170605711,1.2171817314939072e-24,10
75,position_only,16,4.991807295046,9.0585846254813561e-25,10
75,rotor,16,4.993999504264,8.8410045518096289e-25,12
75,round_only,16,4.996509264905,8.5983160081411075e-25,11
76,static,16,4.954910231133,1.3638741989423544e-24,13
76,position_only,16,5.019121387148,6.6911777876560999e-25,10
76,rotor,16,4.995801033994,8.666117684342926e-25,10
76,round_only,16,5.003585092681,7.9493719846967945e-25,10
77,static,16,4.933152348090,1.7360839445644827e-24,12
77,position_only,16,4.947911129141,1.4739588124184483e-24,11
77,rotor,16,4.980009504618,1.0324859884570921e-24,11
77,round_only,16,4.976917819911,1.0685016669502736e-24,10
78,static,16,5.002797658142,8.0190972917289029e-25,11
78,position_only,16,4.948908152605,1.457750518214656e-24,11
78,rotor,16,4.972050389701,1.1277662250313337e-24,10
78,round_only,16,4.976671716077,1.0714219963340035e-24,12
79,static,16,4.949672259793,1.4454494145171962e-24,9
79,position_only,16,4.931956826485,1.7592555368042813e-24,9
79,rotor,16,4.963477413552,1.240254043264877e-24,12
79,round_only,16,4.966060170221,1.2052325600067176e-24,10
80,static,16,5.026420621054,6.1708637262981662e-25,11
80,position_only,16,5.032708394135,5.7552079841376466e-25,9
80,rotor,16,4.998665734672,8.3951180809622228e-25,9
80,round_only,16,5.008982748905,7.4874703748556424e-25,11
81,static,16,4.983659160353,9.9152957584668952e-25,11
81,position_only,16,4.977108362604,1.0662461081356322e-24,12
81,rotor,16,4.962256542284,1.2571611555407273e-24,11
81,round_only,16,4.979364166142,1.0399020312273408e-24,11
82,static,16,4.910631183744,2.2286581443038151e-24,11
82,position_only,16,4.936872759134,1.6659096180824336e-24,10
82,rotor,16,4.917779082685,2.0588075158406738e-24,11
82,round_only,16,4.921331549945,1.9792714386997876e-24,11
83,static,16,5.041402964450,5.2261732121120611e-25,10
83,position_only,16,4.961085433870,1.2735956693592297e-24,9
83,rotor,16,4.963710150754,1.2370569041164211e-24,11
83,round_only,16,4.958888872240,1.3050022746527656e-24,10
84,static,16,5.022549514991,6.4415600607103957e-25,10
84,position_only,16,4.956238678883,1.3439275960373058e-24,11
84,rotor,16,4.973485968631,1.109953146954129e-24,10
84,round_only,16,4.997614578126,8.4935585214806584e-25,10
85,static,16,4.966444105366,1.2001116176357732e-24,9
85,position_only,16,5.102784276991,2.6457081769199251e-25,10
85,rotor,16,5.021347212513,6.5280267631235132e-25,10
85,round_only,16,5.026067592908,6.1950712957379231e-25,10
86,static,16,5.059453005124,4.2780528051858438e-25,13
86,position_only,16,5.057963161087,4.3493258371122287e-25,11
86,rotor,16,5.029758171795,5.9466271542578604e-25,11
86,round_only,16,5.036875154518,5.4953063108705785e-25,11
87,static,16,5.039735127985,5.3237407733275855e-25,12
87,position_only,16,5.038984213496,5.3682615226909128e-25,12
87,rotor,16,4.988371002971,9.4104670347039162e-25,12
87,round_only,16,4.980688145433,1.0247442894623463e-24,11
88,static,16,5.030831607677,5.8762535596204266e-25,13
88,position_only,16,4.952962375434,1.3936577095009981e-24,9
88,rotor,16,4.931566933597,1.7668791170865718e-24,11
88,round_only,16,4.962230736455,1.2575210012826384e-24,12
89,static,16,4.915452779927,2.1126148857281546e-24,9
89,position_only,16,4.970801300915,1.1434976989730919e-24,10
89,rotor,16,4.945882283967,1.5074997196528999e-24,9
89,round_only,16,4.949469629277,1.4487013450924108e-24,10
90,static,16,5.016238677271,6.9085528410822549e-25,10
90,position_only,16,4.933784723946,1.7239509103690997e-24,12
90,rotor,16,4.941240884900,1.5871297980023229e-24,11
90,round_only,16,4.939327811326,1.6211631595734237e-24,11
91,static,16,4.967188032228,1.1902509345446673e-24,10
91,position_only,16,4.950886943297,1.4261079431476612e-24,10
91,rotor,16,4.947736368495,1.4768183470969876e-24,11
91,round_only,16,4.960526858004,1.281509833699886e-24,12
92,static,16,4.875491889598,3.290721751159929e-24,11
92,position_only,16,4.951014475860,1.4240923083870685e-24,13
92,rotor,16,4.941658587814,1.5797944646755311e-24,10
92,round_only,16,4.940334271207,1.6031683566264564e-24,12
93,static,16,4.957875726900,1.3197481529616465e-24,11
93,position_only,16,5.059375944007,4.2817105422210501e-25,11
93,rotor,16,5.026367410264,6.1745063915309736e-25,9
93,round_only,16,5.033706270960,5.6918673375137677e-25,10
94,static,16,5.037602077776,5.4511821475091158e-25,13
94,position_only,16,5.005975158961,7.7414286189163542e-25,9
94,rotor,16,4.980493389570,1.0269600386317139e-24,11
94,round_only,16,4.986083123711,9.6522975688828904e-25,12
95,static,16,4.988725617572,9.3735302134650558e-25,11
95,position_only,16,5.013912192942,7.0891236060721112e-25,10
95,rotor,16,5.004463431051,7.872312413799504e-25,12
95,round_only,16,4.995638225319,8.6817794134912663e-25,12
96,static,16,4.976299063303,1.0758591871651868e-24,10
96,position_only,16,4.989225375712,9.3217211761916857e-25,10
96,rotor,16,4.954055417078,1.3768654697460836e-24,8
96,round_only,16,4.958211570092,1.3148417352905011e-24,9
97,static,16,4.998005175509,8.456845160559717e-25,10
97,position_only,16,4.973711474089,1.1071806939612651e-24,12
97,rotor,16,4.987506685353,9.5011056232281116e-25,11
97,round_only,16,4.989865577134,9.2557707904125909e-25,11
98,static,16,5.043750494818,5.0918660070957633e-25,11
98,position_only,16,4.930261011464,1.7926552838930685e-24,10
98,rotor,16,5.018279696973,6.7539299708682465e-25,10
98,round_only,16,4.997943108253,8.4626684161291454e-25,11
99,static,16,4.921792643771,1.9691758846596364e-24,10
99,position_only,16,4.964031181437,1.2326603869471712e-24,10
99,rotor,16,4.981186687149,1.019094107948553e-24,10
99,round_only,16,4.982007359871,1.0098608524224996e-24,10
100,static,16,5.032916831287,5.7419193689188425e-25,12
100,position_only,16,4.988167303373,9.431750260059732e-25,12
100,rotor,16,5.015558691034,6.9608491754844362e-25,11
100,round_only,16,5.020093778306,6.6194067265452302e-25,10
101,static,16,5.034409796329,5.6476302201655258e-25,10
101,position_only,16,4.859440693647,3.9318905943329832e-24,10
101,rotor,16,4.980387589911,1.0281657353313028e-24,10
101,round_only,16,4.975176257710,1.0893398806781652e-24,12
102,static,16,4.978529461379,1.0495732783773292e-24,10
102,position_only,16,5.101484933141,2.6841093390653396e-25,10
102,rotor,16,5.035418250075,5.5848184047697069e-25,11
102,round_only,16,5.021861898762,6.4908705849710233e-25,12
103,static,16,4.918666548692,2.03864348106879e-24,10
103,position_only,16,4.992915269514,8.9479553657733031e-25,10
103,rotor,16,4.948867540167,1.4584072461791601e-24,10
103,round_only,16,4.942308585917,1.568447134037428e-24,12
104,static,16,5.023174099421,6.3970944381521383e-25,12
104,position_only,16,4.986760278667,9.5800813947306986e-25,12
104,rotor,16,4.988550558516,9.3917462908551279e-25,11
104,round_only,16,4.978472071047,1.0502415225257076e-24,12
105,static,16,4.963704274722,1.2371375223833872e-24,10
105,position_only,16,4.956972752711,1.3330309102231489e-24,10
105,rotor,16,4.964750900518,1.2228605286280797e-24,11
105,round_only,16,4.973450601467,1.1103885941536119e-24,11
106,static,16,4.975318465539,1.0876231983926004e-24,10
106,position_only,16,4.955148076148,1.3602813318747728e-24,9
106,rotor,16,5.015656233699,6.9533231202842108e-25,12
106,round_only,16,5.013892407885,7.0906792957226076e-25,11
107,static,16,4.932366042220,1.7512895134037735e-24,12
107,position_only,16,4.888292060494,2.8552188069828262e-24,11
107,rotor,16,4.939292061205,1.621806048265123e-24,11
107,round_only,16,4.930382803436,1.7902355499150865e-24,10
108,static,16,5.039633711542,5.3297319893291607e-25,11
108,position_only,16,4.980139394885,1.0309997330354899e-24,10
108,rotor,16,4.986099823083,9.6505101098632828e-25,10
108,round_only,16,4.980666102659,1.0249948313182019e-24,10
109,static,16,5.066876260124,3.9399633515840579e-25,11
109,position_only,16,4.975298997853,1.0878580454418791e-24,11
109,rotor,16,4.971723895205,1.131857200800462e-24,10
109,round_only,16,4.973368494144,1.1114001737870178e-24,12
110,static,16,5.057720264762,4.3610578738906527e-25,11
110,position_only,16,4.951891780938,1.4103036129324032e-24,9
110,rotor,16,4.987978702502,9.4514988324121347e-25,10
110,round_only,16,5.004135836648,7.9009656316848802e-25,10
111,static,16,4.953322471351,1.388103108675286e-24,9
111,position_only,16,4.998904667642,8.3729017133233338e-25,10
111,rotor,16,4.996934356396,8.5578753758551425e-25,11
111,round_only,16,5.008410156435,7.5351690001917148e-25,9
112,static,16,4.953699184819,1.3823158697005483e-24,9
112,position_only,16,4.953969790821,1.3781735974271952e-24,10
112,rotor,16,4.991947871282,9.0444729297824736e-25,9
112,round_only,16,4.973584467333,1.1087413121719766e-24,12
113,static,16,4.921545313923,1.9745847011695943e-24,10
113,position_only,16,4.988135578971,9.4350692625289296e-25,11
113,rotor,16,4.996587143986,8.5908927917303339e-25,11
113,round_only,16,4.999608369937,8.3078113309709406e-25,10
114,static,16,4.975767192504,1.0822240423412332e-24,12
114,position_only,16,5.039820303542,5.3187141977637532e-25,10
114,rotor,16,4.994742203418,8.7684820768086175e-25,10
114,round_only,16,4.979880357631,1.0339658631485482e-24,11
115,static,16,4.956924300777,1.3337474057311872e-24,11
115,position_only,16,4.937147869030,1.6608345633597351e-24,11
115,rotor,16,4.967168989421,1.1905023319604104e-24,10
115,round_only,16,4.949912230162,1.4416076726366515e-24,11
116,static,16,4.988410437228,9.4063523618229921e-25,9
116,position_only,16,4.976466943343,1.0738579631386013e-24,11
116,rotor,16,4.984463933704,9.827193293872407e-25,9
116,round_only,16,4.983575819235,9.9244645301388341e-25,8
117,static,16,4.981117781144,1.0198731892118474e-24,11
117,position_only,16,5.042677113070,5.1528427386585584e-25,12
117,rotor,16,5.013268809640,7.1398878731700374e-25,11
117,round_only,16,5.008471661563,7.5300309107696218e-25,11
118,static,16,4.964544246784,1.2256663718092626e-24,12
118,position_only,16,5.016997521355,6.8506554648676013e-25,13
118,rotor,16,4.988753974815,9.3705827777456587e-25,12
118,round_only,16,4.997802661675,8.4758601597171986e-25,11
119,static,16,4.945772772983,1.509331713951176e-24,11
119,position_only,16,4.952955296303,1.3937671299631215e-24,11
119,rotor,16,4.965708851980,1.2099376001416168e-24,10
119,round_only,16,4.957106782045,1.3310509211790988e-24,10
120,static,16,5.027014474737,6.1303556614591944e-25,10
120,position_only,16,4.966487927923,1.1995284958517038e-24,10
120,rotor,16,4.979234638834,1.0413969279209708e-24,10
120,round_only,16,4.973415423212,1.1108218849309841e-24,10
121,static,16,5.017220204297,6.8337577351875324e-25,11
121,position_only,16,5.040151724226,5.299200758931831e-25,9
121,rotor,16,5.007605034946,7.6027524299618489e-25,10
121,round_only,16,5.016085067355,6.9203322029282713e-25,9
122,static,16,4.960740341855,1.278479305034149e-24,12
122,position_only,16,5.040558178643,5.2753671838856438e-25,13
122,rotor,16,5.025585616136,6.2282744309551219e-25,11
122,round_only,16,5.021206805366,6.538199897058103e-25,11
123,static,16,4.929728618050,1.8032712045799287e-24,11
123,position_only,16,4.992264056550,9.0128130610003386e-25,12
123,rotor,16,4.994412242424,8.8006281058794601e-25,9
123,round_only,16,4.995792475095,8.6669403218469068e-25,11
124,static,16,4.972066019792,1.127570751308637e-24,12
124,position_only,16,5.033089611940,5.7309272450036003e-25,10
124,rotor,16,5.011870091074,7.251507349121286e-25,10
124,round_only,16,5.020034553693,6.6237559265096153e-25,9
125,static,16,4.974912782523,1.0925276231927914e-24,10
125,position_only,16,4.995196727025,8.7243928822607569e-25,10
125,rotor,16,4.988840215620,9.3616246515458827e-25,9
125,round_only,16,4.981736445660,1.0128995771316437e-24,11
126,static,16,4.987604586427,9.4907953233328774e-25,11
126,position_only,16,4.977920084580,1.0566905325642315e-24,12
126,rotor,16,4.977049404050,1.0669435238397768e-24,10
126,round_only,16,4.981710979920,1.013185684774254e-24,10
127,static,16,4.896662307271,2.6021017213047324e-24,11
127,position_only,16,4.986570965802,9.6002163542807865e-25,10
127,rotor,16,4.955813818501,1.35027492662818e-24,10
127,round_only,16,4.950038616659,1.439588428305173e-24,12
128,static,16,4.950578733415,1.430990944623166e-24,9
128,position_only,16,5.002983391836,8.0025961343290289e-25,11
128,rotor,16,4.989783951652,9.2641534220782922e-25,10
128,round_only,16,4.992408674945,8.9983692726625838e-25,9
129,static,16,4.966001898668,1.2060116959392114e-24,12
129,position_only,16,4.966566566028,1.1984828137241575e-24,10
129,rotor,16,4.983904019982,9.888406504331196e-25,9
129,round_only,16,4.971758167622,1.1314270712387537e-24,11
130,static,16,4.992945490031,8.9449569050338315e-25,11
130,position_only,16,4.953502529140,1.3853339647257492e-24,12
130,rotor,16,4.963152444859,1.2447320058037879e-24,12
130,round_only,16,4.966750562956,1.1960396937618165e-24,12
131,static,16,5.006585757987,7.6891826214356887e-25,10
131,position_only,16,4.983757483519,9.9044896279616596e-25,10
131,rotor,16,5.033114214895,5.729363743293997e-25,10
131,round_only,16,5.028639746464,6.0208468840520776e-25,9
132,static,16,5.001806725047,8.1077115995714836e-25,10
132,position_only,16,5.041414146393,5.2255251455875713e-25,11
132,rotor,16,5.015409440973,6.9723805655825954e-25,10
132,round_only,16,5.015161582845,6.9915728527229567e-25,11
133,static,16,5.081286724082,3.358029226708617e-25,11
133,position_only,16,4.963455253205,1.2405588931371762e-24,10
133,rotor,16,5.014387360488,7.051863769339828e-25,11
133,round_only,16,5.009366951353,7.4556345750731917e-25,9
134,static,16,5.000097827526,8.262836562454357e-25,11
134,position_only,16,4.932619666984,1.7463704275722325e-24,11
134,rotor,16,4.974550187140,1.0969298625266637e-24,9
134,round_only,16,4.980979531056,1.0214381015616217e-24,9
135,static,16,4.977567213054,1.0608339620480527e-24,11
135,position_only,16,4.931068786182,1.7766674869867906e-24,11
135,rotor,16,4.974058878437,1.1029231138048634e-24,12
135,round_only,16,4.979157481325,1.0422884369814277e-24,12
136,static,16,4.976365088275,1.0750716879867528e-24,9
136,position_only,16,4.975463578659,1.085874233198303e-24,12
136,rotor,16,4.969765667647,1.1567071014292883e-24,11
136,round_only,16,4.961645756175,1.2657058649593332e-24,12
137,static,16,4.996831567948,8.5676365772157333e-25,11
137,position_only,16,4.982899620558,9.9991706724957421e-25,11
137,rotor,16,4.998160808338,8.4422610385579666e-25,9
137,round_only,16,4.991590106457,9.0804303242127303e-25,11
138,static,16,4.977989203038,1.0558808386864397e-24,12
138,position_only,16,4.995146234277,8.7292797577195875e-25,11
138,rotor,16,5.021691965554,6.5031149411552653e-25,11
138,round_only,16,5.037693728200,5.4456441862084122e-25,10
139,static,16,5.057402129938,4.3764718568568011e-25,12
139,position_only,16,5.036064445814,5.5449376540286799e-25,9
139,rotor,16,4.981258208358,1.0182860875020208e-24,10
139,round_only,16,4.971268040167,1.1375939004345116e-24,10
140,static,16,4.939613393921,1.6160367141910009e-24,12
140,position_only,16,4.927152901740,1.8555255279151511e-24,11
140,rotor,16,4.986934546753,9.5615839009368718e-25,12
140,round_only,16,4.999615966971,8.3071113957968192e-25,12
141,static,16,4.997652551125,8.4899823479919613e-25,10
141,position_only,16,4.946476457653,1.4975985621035658e-24,11
141,rotor,16,4.991526025281,9.0868859252021628e-25,9
141,round_only,16,4.990848097221,9.1554628121092812e-25,9
142,static,16,5.025259485583,6.2508422872353167e-25,11
142,position_only,16,4.907892692879,2.2973826826661348e-24,9
142,rotor,16,5.012489451808,7.2018679302650743e-25,9
142,round_only,16,4.991378224375,9.101793040293829e-25,9
143,static,16,4.874552807403,3.3251729000907003e-24,9
143,position_only,16,4.883885124823,2.9982325368264685e-24,10
143,rotor,16,4.923273584679,1.9370979718818572e-24,9
143,round_only,16,4.910768142261,2.2252755636764848e-24,8
144,static,16,4.986280159899,9.6312283847274632e-25,10
144,position_only,16,5.038688769010,5.3858799319449337e-25,9
144,rotor,16,4.997886529914,8.4679801856453626e-25,10
144,round_only,16,4.997093870646,8.5427492818063351e-25,10
145,static,16,4.893435540240,2.6969067398842939e-24,9
145,position_only,16,5.019967069719,6.6287151415212679e-25,12
145,rotor,16,4.966735563527,1.1962386703085995e-24,12
145,round_only,16,4.977989633358,1.0558757996009467e-24,11
146,static,16,4.946790662901,1.492389040643453e-24,13
146,position_only,16,5.014852676195,7.0155662486973664e-25,11
146,rotor,16,4.979498807890,1.0383503825305014e-24,12
146,round_only,16,4.974098205812,1.102442173768323e-24,10
147,static,16,4.891793482896,2.7464700337563929e-24,9
147,position_only,16,4.946690763994,1.4940433961293636e-24,11
147,rotor,16,4.950129008457,1.4381459969692377e-24,10
147,round_only,16,4.958953193824,1.3040716842928485e-24,11
148,static,16,4.977972646404,1.0560747362083201e-24,11
148,position_only,16,4.973221276580,1.1132162334589503e-24,12
148,rotor,16,4.987496090388,9.502222086993815e-25,9
148,round_only,16,4.966624641037,1.1977111524791289e-24,11
149,static,16,4.973700895897,1.1073105914860494e-24,11
149,position_only,16,5.004154168855,7.8993594442907888e-25,10
149,rotor,16,4.953235871128,1.3894369210787098e-24,11
149,round_only,16,4.956787222356,1.3357765750254633e-24,11
150,static,16,4.999676185522,8.3015653842344449e-25,9
150,position_only,16,4.988015387381,9.447654288080294e-25,11
150,rotor,16,5.018409952021,6.744180458042223e-25,11
150,round_only,16,5.008494880610,7.528092121211395e-25,11
151,static,16,5.031820924547,5.8121324466994096e-25,10
151,position_only,16,5.014829630406,7.0173595582820748e-25,11
151,rotor,16,4.991167206747,9.1231185498780275e-25,10
151,round_only,16,4.986732141269,9.5830713613787358e-25,11
152,static,16,5.009047006576,7.4821364020022629e-25,11
152,position_only,16,4.985021548325,9.7666080420395925e-25,10
152,rotor,16,5.005340495368,7.7961099984453332e-25,11
152,round_only,16,4.998392176595,8.4206263362530519e-25,10
153,static,16,5.007216586311,7.6355759916484752e-25,12
153,position_only,16,4.990477508340,9.1931688503579894e-25,9
153,rotor,16,4.954965735023,1.3630349138349716e-24,11
153,round_only,16,4.969828742718,1.1558982389231546e-24,12
154,static,16,5.018145090265,6.7640200112614565e-25,15
154,position_only,16,4.989885840214,9.2536910233425121e-25,11
154,rotor,16,4.983607753839,9.9209502437285285e-25,12
154,round_only,16,4.976572082618,1.0726065402791823e-24,11
155,static,16,5.016545109913,6.8851143419710834e-25,12
155,position_only,16,4.977676955756,1.0595436217930954e-24,10
155,rotor,16,4.951734698630,1.4127626421265457e-24,12
155,round_only,16,4.963771383919,1.2362171070197096e-24,11
156,static,16,4.973402802903,1.1109773705633762e-24,10
156,position_only,16,5.051797590301,4.6571292671776846e-25,10
156,rotor,16,4.972677988399,1.1199438968934144e-24,11
156,round_only,16,4.969544369975,1.1595494591726597e-24,10
157,static,16,5.002730585619,8.0250645811884733e-25,14
157,position_only,16,4.975976609649,1.07971348221613e-24,11
157,rotor,16,5.000921800853,8.1876734171285646e-25,12
157,round_only,16,5.001168099781,8.165338956745744e-25,10
158,static,16,4.966351411591,1.2013459749666643e-24,10
158,position_only,16,4.874259043706,3.3360237922402953e-24,11
158,rotor,16,4.940650137081,1.5975621793884438e-24,11
158,round_only,16,4.938617550669,1.6339835582224253e-24,11
159,static,16,4.909399874553,2.2593006788291561e-24,10
159,position_only,16,4.899004714843,2.5353744586049961e-24,11
159,rotor,16,4.934067508242,1.7185527623025738e-24,10
159,round_only,16,4.948082983592,1.4711522301594886e-24,10
160,static,16,4.972142610043,1.1266133846315018e-24,10
160,position_only,16,4.941349270386,1.585223160962574e-24,10
160,rotor,16,4.981079292244,1.0203086206844775e-24,11
160,round_only,16,4.982284630450,1.0067602705242607e-24,11
161,static,16,4.973855229086,1.1054169288522173e-24,12
161,position_only,16,5.018130772359,6.7650941597510179e-25,13
161,rotor,16,4.997922166915,8.4646340726327074e-25,11
161,round_only,16,4.993937804448,8.8470562814989139e-25,11
162,static,16,4.923935127370,1.9229379890714663e-24,11
162,position_only,16,4.973076741454,1.1150020897254027e-24,11
162,rotor,16,4.965900294391,1.2073714290185842e-24,10
162,round_only,16,4.969991120757,1.1538185357699294e-24,12
163,static,16,4.964250910101,1.2296602122288914e-24,11
163,position_only,16,4.978990430878,1.0442212211736056e-24,11
163,rotor,16,5.003285735358,7.9758075909414535e-25,11
163,round_only,16,5.009572159301,7.4386861190818575e-25,10
164,static,16,5.010583988303,7.3556791889687291e-25,12
164,position_only,16,4.914559059520,2.1336585577759311e-24,12
164,rotor,16,4.994867762310,8.7562805270743301e-25,11
164,round_only,16,4.980387275266,1.0281693231513889e-24,10
165,static,16,4.926492570830,1.8691639840178796e-24,12
165,position_only,16,4.877089566826,3.2329276196649376e-24,9
165,rotor,16,4.942540846827,1.5644122390927215e-24,11
165,round_only,16,4.941034037740,1.5907748664254486e-24,10
166,static,16,4.971505752753,1.1345987921252143e-24,11
166,position_only,16,4.965790309414,1.2088450459611584e-24,11
166,rotor,16,4.994682963713,8.7742447689471639e-25,10
166,round_only,16,5.001626232686,8.1239572574323016e-25,10
167,static,16,5.038762787770,5.3814605078710824e-25,11
167,position_only,16,4.948234959529,1.4686747399721437e-24,11
167,rotor,16,4.987491244271,9.5027327991334878e-25,10
167,round_only,16,4.984242897574,9.8513129230094883e-25,10
168,static,16,5.039801000595,5.319852931540404e-25,13
168,position_only,16,5.001470687137,8.137983627989459e-25,11
168,rotor,16,5.000967570035,8.1835184376148898e-25,11
168,round_only,16,4.994712235214,8.7713968364942621e-25,10
169,static,16,4.952445029477,1.4016768738406525e-24,10
169,position_only,16,4.988804423349,9.3653414766902454e-25,10
169,rotor,16,4.979210846227,1.0416717559785065e-24,11
169,round_only,16,4.972361391284,1.1238831268124754e-24,10
170,static,16,4.981996526099,1.0099821948674797e-24,12
170,position_only,16,4.934737825405,1.7058243167642726e-24,10
170,rotor,16,4.977961531278,1.0562049272934375e-24,10
170,round_only,16,4.986741690313,9.5820565459864274e-25,10
171,static,16,4.942541137295,1.5644071995103441e-24,9
171,position_only,16,4.946865823806,1.4911455615179823e-24,10
171,rotor,16,4.990227500447,9.2186939014201193e-25,9
171,round_only,16,4.985623886856,9.7015830841696378e-25,11
172,static,16,4.990009963358,9.2409614360761095e-25,12
172,position_only,16,4.986176554131,9.6423012645922971e-25,10
172,rotor,16,5.009184663319,7.4707224224912809e-25,11
172,round_only,16,4.993224093584,8.9173613219144861e-25,11
173,static,16,4.995909667721,8.6556831489066486e-25,12
173,position_only,16,4.951972912276,1.4090352272564269e-24,11
173,rotor,16,4.994480258465,8.7939921013425804e-25,9
173,round_only,16,4.982302971374,1.0065555089035886e-24,11
174,static,16,4.968858896590,1.1683981118425857e-24,12
174,position_only,16,4.994451474319,8.7967998238544521e-25,13
174,rotor,16,5.033471826612,5.7066858531118455e-25,11
174,round_only,16,5.028023371804,6.062145264987873e-25,11
175,static,16,4.996209557786,8.6269431422025701e-25,10
175,position_only,16,5.049231121265,4.7915898838535335e-25,10
175,rotor,16,4.993903863166,8.8503871249352569e-25,11
175,round_only,16,4.986896246672,9.5656461562558858e-25,11
176,static,16,5.042218369402,5.1791252976176627e-25,11
176,position_only,16,5.011891210463,7.2498090889250692e-25,11
176,rotor,16,5.009192914121,7.4700388504543087e-25,12
176,round_only,16,4.997047813219,8.5471139747132393e-25,10
177,static,16,5.019343943074,6.6746828257490089e-25,11
177,position_only,16,4.984946365109,9.7747549193088909e-25,10
177,rotor,16,4.993744632655,8.8660300340566852e-25,10
177,round_only,16,4.991981941422,9.0410561216887042e-25,10
178,static,16,4.982450276235,1.004912478671543e-24,13
178,position_only,16,4.937852803371,1.6479008288890971e-24,12
178,rotor,16,5.015494007201,6.9658444481488316e-25,10
178,round_only,16,5.029305051794,5.9765857232757576e-25,11
179,static,16,4.924682676223,1.9070616169679458e-24,10
179,position_only,16,5.017532790900,6.8101081887722393e-25,11
179,rotor,16,4.968171864739,1.1773346383921739e-24,10
179,round_only,16,4.969814026129,1.1560869110079591e-24,11
180,static,16,5.011391634252,7.2900879719975615e-25,10
180,position_only,16,5.054469180786,4.5211678511721226e-25,10
180,rotor,16,5.009263800197,7.4641685741360164e-25,10
180,round_only,16,5.012528799105,7.1987258972680919e-25,10
181,static,16,4.942626334027,1.5629297487033328e-24,10
181,position_only,16,4.967998159837,1.1796048996040967e-24,12
181,rotor,16,4.954872889534,1.3644391393044634e-24,12
181,round_only,16,4.949422705255,1.4494554513503823e-24,10
182,static,16,4.979829673593,1.0345472228316712e-24,10
182,position_only,16,4.990632639262,9.177365996849428e-25,10
182,rotor,16,4.942993806597,1.5565731445657582e-24,11
182,round_only,16,4.940744382864,1.5958932491054228e-24,13
183,static,16,5.003514741613,7.9555766505094736e-25,11
183,position_only,16,5.037443117385,5.4608006604266481e-25,12
183,rotor,16,4.991865900699,9.0526988434680143e-25,11
183,round_only,16,4.988405689184,9.4068476897188588e-25,12
184,static,16,5.061474225876,4.1832225670873768e-25,11
184,position_only,16,4.988075760435,9.4413306472307559e-25,10
184,rotor,16,4.985537026325,9.710933258969925e-25,10
184,round_only,16,4.976136787478,1.077797150515959e-24,11
185,static,16,4.971339930051,1.1366872761105437e-24,10
185,position_only,16,4.936107886057,1.6801011589975514e-24,12
185,rotor,16,4.968422294353,1.1740693007575855e-24,9
185,round_only,16,4.974921169146,1.0924260112440873e-24,9
186,static,16,4.944780338960,1.5260358491922237e-24,11
186,position_only,16,4.990445978580,9.1963840451539405e-25,11
186,rotor,16,4.914050854991,2.1457181701785135e-24,12
186,round_only,16,4.936464376056,1.6734718235490972e-24,10
187,static,16,4.988151178998,9.4334370440336581e-25,11
187,position_only,16,4.963222780556,1.243761433890093e-24,11
187,rotor,16,4.995194083354,8.7246486786866086e-25,9
187,round_only,16,4.997059101843,8.5460439871403023e-25,10
188,static,16,4.989577967675,9.2853409736913971e-25,11
188,position_only,16,4.985880844734,9.6739753147750581e-25,9
188,rotor,16,4.983627657272,9.9187605732074157e-25,12
188,round_only,16,4.984143876257,9.8621373956930987e-25,9
189,static,16,4.974724402943,1.0948125139358736e-24,10
189,position_only,16,4.924198307109,1.9173335838377928e-24,11
189,rotor,16,4.990695121396,9.1710087527499377e-25,11
189,round_only,16,4.986817913879,9.5739598116887496e-25,11
190,static,16,4.969445902068,1.1608164299020606e-24,9
190,position_only,16,4.970190198517,1.151273895694828e-24,10
190,rotor,16,4.981894844665,1.0111217772343559e-24,11
190,round_only,16,4.985046276534,9.7639299696738126e-25,10
191,static,16,4.930418199882,1.789532914505434e-24,11
191,position_only,16,5.014506862444,7.0425239899831803e-25,13
191,rotor,16,4.965684444380,1.2102651612112201e-24,10
191,round_only,16,4.963755817512,1.2364305422181137e-24,10
192,static,16,4.874993221908,3.3089711809942193e-24,10
192,position_only,16,4.942251395511,1.5694422558377344e-24,10
192,rotor,16,4.952661736814,1.398312182823413e-24,9
192,round_only,16,4.948564847125,1.4633113071096388e-24,10
193,static,16,4.925916838487,1.8811369214915526e-24,9
193,position_only,16,4.922942629158,1.9442209879606797e-24,11
193,rotor,16,4.932358728829,1.7514315629308324e-24,9
193,round_only,16,4.941236690170,1.5872036346608422e-24,10
194,static,16,4.984234010553,9.8522839184907716e-25,10
194,position_only,16,4.972137908246,1.1266721329700208e-24,11
194,rotor,16,4.972653959641,1.120242387663923e-24,10
194,round_only,16,4.968987533108,1.1667324347440262e-24,11
195,static,16,5.010848670612,7.3341188355563575e-25,10
195,position_only,16,5.032563944392,5.7644352101145094e-25,11
195,rotor,16,5.001352601975,8.1486481646857756e-25,11
195,round_only,16,5.007457085171,7.6152373840018387e-25,11
196,static,16,4.981019746308,1.0209826402891142e-24,10
196,position_only,16,5.019056711916,6.6959788989565613e-25,11
196,rotor,16,4.992722987451,8.9670570284212209e-25,10
196,round_only,16,4.994878922020,8.755196871820148e-25,12
197,static,16,4.921694359431,1.9713234727709855e-24,10
197,position_only,16,4.971301512323,1.1371716833647249e-24,9
197,rotor,16,4.954116167934,1.3759381210524247e-24,9
197,round_only,16,4.957563440665,1.3243268470072013e-24,10
198,static,16,4.903621357556,2.4088299591554778e-24,12
198,position_only,16,4.950298227722,1.4354495569194479e-24,11
198,rotor,16,4.968117171605,1.1780489864938623e-24,13
198,round_only,16,4.969120447002,1.1650138654562419e-24,10
199,static,16,4.993604386264,8.8798308297367105e-25,10
199,position_only,16,4.984360647317,9.8384566233802301e-25,12
199,rotor,16,4.996770778779,8.5734145978861151e-25,10
199,round_only,16,4.995766963228,8.6693928552553915e-25,11
200,static,16,4.860466426147,3.8874158851548369e-24,10
200,position_only,16,4.966889175856,1.1942024748045782e-24,9
200,rotor,16,4.914897839467,2.1256570385290408e-24,9
200,round_only,16,4.936439485982,1.6739338320754515e-24,10
201,static,16,4.920830679731,1.99029654487781e-24,10
201,position_only,16,4.999050794254,8.3593436114755619e-25,10
201,rotor,16,4.972917651374,1.1169710973976693e-24,10
201,round_only,16,4.982674268264,1.0024192223326374e-24,9
202,static,16,4.953519217713,1.3850775878022611e-24,10
202,position_only,16,4.961769988714,1.2639631978012646e-24,10
202,rotor,16,4.990713944871,9.1690944218489404e-25,10
202,round_only,16,4.978748394218,1.0470279607790505e-24,11
203,static,16,4.944081708392,1.5379055923066019e-24,10
203,position_only,16,4.923934603949,1.9229491516147054e-24,10
203,rotor,16,4.944106655850,1.5374801493402207e-24,10
203,round_only,16,4.949922819270,1.4414383845440938e-24,10
204,static,16,4.973225882520,1.1131593701440621e-24,10
204,position_only,16,4.997846737347,8.4717180459201756e-25,10
204,rotor,16,4.972483732832,1.1223592636396447e-24,10
204,round_only,16,4.986692724390,9.5872614897968431e-25,11
205,static,16,4.984175557424,9.8586728892472996e-25,10
205,position_only,16,4.902194001191,2.4472648767880934e-24,11
205,rotor,16,4.964302789540,1.2289529167140579e-24,11
205,round_only,16,4.955260613850,1.3585846468212234e-24,10
206,static,16,4.928815233302,1.8216307427858073e-24,10
206,position_only,16,4.999040759822,8.3602739362264045e-25,11
206,rotor,16,5.010829375214,7.3356884521762302e-25,9
206,round_only,16,5.008097379888,7.5613524026485507e-25,10
207,static,16,5.020826540798,6.5658314687859005e-25,10
207,position_only,16,4.935033185440,1.7002457790802103e-24,10
207,rotor,16,4.995911116388,8.6555440858663251e-25,11
207,round_only,16,5.002194513208,8.0729175699125029e-25,10
208,static,16,4.978322057199,1.051990270797952e-24,10
208,position_only,16,4.937519804860,1.6539978962675285e-24,11
208,rotor,16,4.960469646004,1.2823232114752933e-24,10
208,round_only,16,4.963192773876,1.2441754075764887e-24,10
209,static,16,4.973896721550,1.1049083704214883e-24,11
209,position_only,16,4.993016161324,8.937948865351262e-25,11
209,rotor,16,5.005883376586,7.7493126240982401e-25,9
209,round_only,16,5.001630158140,8.1236035912769015e-25,11
210,static,16,5.073103289745,3.6770524009914279e-25,9
210,position_only,16,5.083660743207,3.2707703807908763e-25,9
210,rotor,16,5.013960161259,7.0853532969403526e-25,11
210,round_only,16,5.021029952999,6.5510362156294249e-25,10
211,static,16,5.046087226840,4.9616045110351955e-25,12
211,position_only,16,4.932101702716,1.7564311598537102e-24,10
211,rotor,16,4.986712898716,9.5851166717011256e-25,9
211,round_only,16,4.972839546808,1.1179390451414877e-24,10
212,static,16,4.937739521104,1.6499724545749137e-24,10
212,position_only,16,4.927119889381,1.8562049950239176e-24,9
212,rotor,16,4.957693471355,1.3224184295254823e-24,9
212,round_only,16,4.958782985761,1.3065356633085684e-24,9
213,static,16,4.945477218308,1.5142871278615428e-24,12
213,position_only,16,4.896294260344,2.6127446108810447e-24,10
213,rotor,16,4.966252477475,1.2026648325484351e-24,11
213,round_only,16,4.964760331973,1.2227326263305024e-24,9
214,static,16,4.983808522928,9.8988848260558629e-25,10
214,position_only,16,4.974351274648,1.0993523719701188e-24,12
214,rotor,16,4.990988157595,9.1412524948620985e-25,10
214,round_only,16,4.994009381530,8.8400361401666034e-25,9
215,static,16,5.007109503174,7.6446493119576895e-25,10
215,position_only,16,5.020121990624,6.6173359399467287e-25,10
215,rotor,16,4.987433781697,9.5087906340039494e-25,9
215,round_only,16,4.990672647654,9.1732948361294784e-25,12
216,static,16,4.953154153643,1.390696705068558e-24,11
216,position_only,16,4.970316954704,1.1496566051592151e-24,12
216,rotor,16,4.969875226328,1.1553025041403144e-24,9
216,round_only,16,4.972546598903,1.1215770195903469e-24,11
217,static,16,4.943879956034,1.5413505167126263e-24,10
217,position_only,16,4.936006570074,1.6819900324100377e-24,11
217,rotor,16,4.953374487478,1.3873025744213587e-24,9
217,round_only,16,4.948182812050,1.469524370241671e-24,11
218,static,16,4.953729432612,1.3818522374955025e-24,9
218,position_only,16,5.028455114079,6.0331880337398495e-25,10
218,rotor,16,4.974279180927,1.1002317050961851e-24,11
218,round_only,16,4.983194528109,9.9665205132844414e-25,11
219,static,16,5.037571122131,5.4530539091925795e-25,12
219,position_only,16,4.917917196122,2.0556563986618839e-24,10
219,rotor,16,4.992899232076,8.9495469985099204e-25,10
219,round_only,16,4.997087369161,8.5433652684556337e-25,9
220,static,16,4.958438403676,1.3115381910639869e-24,11
220,position_only,16,4.920794385235,1.991097837997888e-24,10
220,rotor,16,4.986106732960,9.6497705908113384e-25,10
220,round_only,16,4.971736196928,1.1317027915133494e-24,10
221,static,16,5.005120133699,7.8151861272612974e-25,10
221,position_only,16,5.049070832399,4.8001152788378177e-25,11
221,rotor,16,4.986573243497,9.5999738516576439e-25,10
221,round_only,16,4.987117859879,9.5421648741613501e-25,11
222,static,16,5.018487576063,6.7383770386752728e-25,11
222,position_only,16,5.001029651213,8.1778860055844335e-25,10
222,rotor,16,5.004358919033,7.8814423073757444e-25,10
222,round_only,16,4.997478175581,8.5064168977363155e-25,10
223,static,16,4.987250360599,9.5281531511285609e-25,12
223,position_only,16,4.988267737343,9.4212505690399737e-25,13
223,rotor,16,4.987981130965,9.4512442832116078e-25,12
223,round_only,16,4.991611703108,9.0782556896871462e-25,12
224,static,16,4.915040984615,2.1222851703444154e-24,12
224,position_only,16,4.866007460171,3.6557183257424626e-24,12
224,rotor,16,4.934704863677,1.7064480072152325e-24,10
224,round_only,16,4.960589167439,1.2806245730720434e-24,11
225,static,16,4.994571197358,8.7851274391503496e-25,11
225,position_only,16,4.922798955962,1.9473213532733066e-24,11
225,rotor,16,4.958743174889,1.3071126479840137e-24,11
225,round_only,16,4.960181887297,1.2864220857458897e-24,11
226,static,16,5.023300041556,6.3881655785816917e-25,11
226,position_only,16,5.009723748431,7.4261908755698978e-25,11
226,rotor,16,5.011971325587,7.2433704570215702e-25,10
226,round_only,16,5.014944216999,7.0084475196776079e-25,10
227,static,16,4.967849908040,1.1815459600265846e-24,10
227,position_only,16,4.989703997372,9.2723717877680993e-25,9
227,rotor,16,4.968650066585,1.171107256521202e-24,11
227,round_only,16,4.973185171653,1.1136620728080371e-24,10
228,static,16,4.937235608255,1.6592192591305295e-24,12
228,position_only,16,4.940614668099,1.5981907258081772e-24,12
228,rotor,16,4.972794471309,1.1184980462544081e-24,9
228,round_only,16,4.973465166171,1.1102092500759009e-24,10
229,static,16,5.007904715719,7.5775261233460423e-25,10
229,position_only,16,5.034389928225,5.6488747805272848e-25,12
229,rotor,16,4.997313476170,8.5219687044780095e-25,9
229,round_only,16,5.002828317258,8.016371097928793e-25,10
230,static,16,4.983179939531,9.9681331520526111e-25,9
230,position_only,16,4.960324564642,1.2843881351838847e-24,10
230,rotor,16,4.992401658807,8.9990694762091331e-25,10
230,round_only,16,4.984092940456,9.8677100525028052e-25,9
231,static,16,4.960949087910,1.2755229621149821e-24,10
231,position_only,16,4.978176934578,1.0536847717510049e-24,10
231,rotor,16,4.975347085344,1.0872780374358382e-24,9
231,round_only,16,4.971176239613,1.1387526753736498e-24,10
232,static,16,4.952011955212,1.4084252470559484e-24,9
232,position_only,16,5.021721460867,6.5009880323968031e-25,10
232,rotor,16,5.037844088319,5.4365708853035111e-25,11
232,round_only,16,5.022418410965,6.4509328380554613e-25,11
233,static,16,4.972572067506,1.1212602683432099e-24,11
233,position_only,16,4.920808586758,1.9907842649181326e-24,11
233,rotor,16,4.992639658149,8.9753477782353061e-25,9
233,round_only,16,4.980380145000,1.0282506310938057e-24,12
234,static,16,4.929221284754,1.8134459185874979e-24,11
234,position_only,16,4.978414239588,1.0509153334626989e-24,10
234,rotor,16,4.963361683513,1.2418469154476408e-24,12
234,round_only,16,4.982008190788,1.0098515464251815e-24,10
235,static,16,4.923018573193,1.9425841644161683e-24,9
235,position_only,16,4.998176313367,8.44080946362117e-25,10
235,rotor,16,4.967974923650,1.1799089200865306e-24,12
235,round_only,16,4.968926407288,1.1675236390280214e-24,10
236,static,16,4.890248959842,2.7939204028968489e-24,11
236,position_only,16,4.966464820977,1.1998359314906629e-24,11
236,rotor,16,4.978351077969,1.0516517415473403e-24,10
236,round_only,16,4.970542158029,1.146788823062613e-24,11
237,static,16,5.060290873732,4.2384841511402237e-25,9
237,position_only,16,4.980175890808,1.0305825175066008e-24,12
237,rotor,16,4.989649612613,9.2779660712513213e-25,8
237,round_only,16,4.977980148938,1.0559868683547281e-24,11
238,static,16,4.959910631626,1.2902978840790915e-24,12
238,position_only,16,4.865604527767,3.6720910551254325e-24,12
238,rotor,16,4.969703995707,1.1574985177192049e-24,11
238,round_only,16,4.966022346201,1.2057382391976875e-24,12
239,static,16,4.932926776407,1.7404324907705782e-24,10
239,position_only,16,4.890308946478,2.7920623010117216e-24,11
239,rotor,16,4.996036139170,8.6435510832966936e-25,9
239,round_only,16,5.013687973922,7.1067738425362266e-25,10
240,static,16,4.988014781879,9.4477177314262322e-25,10
240,position_only,16,5.033057250214,5.7329844613076076e-25,12
240,rotor,16,4.993457026529,8.8943547513202711e-25,12
240,round_only,16,4.996069898574,8.6403155109176168e-25,12
241,static,16,4.949797362111,1.4434453465098583e-24,10
241,position_only,16,4.979297669499,1.0406692120603048e-24,10
241,rotor,16,4.971114780256,1.1395291207052913e-24,10
241,round_only,16,4.970065792113,1.1528634174352076e-24,11
242,static,16,4.975518095440,1.0852179007302393e-24,11
242,position_only,16,5.009398744997,7.4530061608358906e-25,11
242,rotor,16,4.972779883914,1.1186790108203806e-24,10
242,round_only,16,4.974959932678,1.0919564767837208e-24,9
243,static,16,4.924144845295,1.9184707281255037e-24,10
243,position_only,16,4.960786759432,1.2778213293662233e-24,10
243,rotor,16,4.958368516373,1.3125551255714227e-24,11
243,round_only,16,4.963003502160,1.2467897873097554e-24,11
244,static,16,4.943086787764,1.5549688427823057e-24,12
244,position_only,16,4.927169907172,1.855175615699365e-24,10
244,rotor,16,4.940987025316,1.5916044879845675e-24,12
244,round_only,16,4.946463782157,1.4978091029391374e-24,12
245,static,16,4.986609365421,9.596128824725949e-25,10
245,position_only,16,4.978095643139,1.054635150562736e-24,15
245,rotor,16,4.978656904418,1.0480908713992655e-24,11
245,round_only,16,4.994169386116,8.824363338338404e-25,11
246,static,16,4.955679333655,1.3522903435882419e-24,10
246,position_only,16,4.953628939319,1.3833931790321938e-24,10
246,rotor,16,4.982890464378,1.0000186092628009e-24,10
246,round_only,16,5.001649937247,8.1218218148628945e-25,10
247,static,16,5.046590887513,4.9339673609227759e-25,10
247,position_only,16,5.048800954885,4.8145037252614115e-25,10
247,rotor,16,4.997673079383,8.4880496904462126e-25,10
247,round_only,16,4.996996510296,8.5519783896014532e-25,11
248,static,16,5.049678701298,4.7678642211102223e-25,10
248,position_only,16,5.067857503756,3.8973197821086231e-25,14
248,rotor,16,5.029682232079,5.9516375037340119e-25,11
248,round_only,16,5.017399898052,6.8201525225921607e-25,11
249,static,16,5.010809148748,7.3373341688098328e-25,11
249,position_only,16,4.967139949760,1.1908858070554177e-24,10
249,rotor,16,4.996171735213,8.6305626085739679e-25,11
249,round_only,16,5.005872900379,7.750213029152189e-25,12
250,static,16,4.968775283538,1.1694820680685044e-24,11
250,position_only,16,4.987819163439,9.468236596095777e-25,10
250,rotor,16,4.999505596535,8.317285918893815e-25,11
250,round_only,16,5.000523439779,8.2239263003651455e-25,10
251,static,16,5.030298597663,5.9110925521926831e-25,12
251,position_only,16,4.984680046023,9.8036680507395695e-25,11
251,rotor,16,5.004040633560,7.9093121613979336e-25,10
251,round_only,16,5.007734085385,7.5918790383004789e-25,10
252,static,16,5.013077241838,7.1550730822377062e-25,9
252,position_only,16,5.016106166811,6.918713031486798e-25,11
252,rotor,16,4.979689634557,1.0361552084727932e-24,11
252,round_only,16,4.979237232094,1.0413669775894728e-24,10
253,static,16,5.030269418658,5.9130057238722682e-25,10
253,position_only,16,4.987439014473,9.5082388230889355e-25,11
253,rotor,16,5.001557595599,8.1301436464326793e-25,10
253,round_only,16,5.020108471330,6.6183281764105941e-25,12
254,static,16,4.963517633867,1.2397009419241505e-24,12
254,position_only,16,4.971655223864,1.1327195397285298e-24,10
254,rotor,16,4.980899759525,1.0223421621698411e-24,11
254,round_only,16,4.997253682088,8.5276218164293759e-25,12
255,static,16,4.987502274051,9.5015704562897797e-25,11
255,position_only,16,4.882753238189,3.036106643169477e-24,9
255,rotor,16,5.013246892341,7.1416235811265914e-25,10
255,round_only,16,5.022058556788,6.4767293754706988e-25,11
