key_index,variant,rounds,stride,pairs,mean_hamming_distance,sd,ci95_low,ci95_high,z_from_ideal_64
0,static,8,1,10000,52.2469,11.687463371921513,52.017825717910334,52.47597428208966,-100.56159857780756
0,rotor,8,1,10000,63.9519,6.137943778284592,63.83159630194562,64.07220369805438,-0.7836500583496845
0,round_only,8,1,10000,48.851,14.574877073381115,48.56533240936173,49.13666759063827,-103.93912705903666
0,position_only,8,1,10000,58.4775,8.876473000426055,58.30352112919165,58.65147887080835,-62.21502616788144
0,static,8,2,10000,56.2569,9.485151511700801,56.070991030370664,56.44280896962934,-81.63390948946021
0,rotor,8,2,10000,56.2735,10.077859597920957,56.07597395188075,56.47102604811925,-76.66806552448858
0,round_only,8,2,10000,56.9942,9.983162460526792,56.79853001577367,57.18986998422633,-70.17615938537294
0,position_only,8,2,10000,55.0471,10.116339042438334,54.84881975476821,55.24538024523179,-88.49940638053278
0,static,8,4,10000,54.7647,10.141253295911762,54.565931435400124,54.96346856459987,-91.06665350448375
0,rotor,8,4,10000,56.2498,9.71943654255073,56.059299043766,56.440300956234,-79.73919029226018
0,round_only,8,4,10000,56.2585,10.002443833297132,56.062452100867375,56.45454789913262,-77.39608568687309
0,position_only,8,4,10000,55.8924,9.571529849421452,55.70479801495134,56.08000198504866,-84.70537236521348
0,static,8,8,10000,56.8268,10.472534037037821,56.62153833287406,57.03206166712594,-68.49536105235669
0,rotor,8,8,10000,55.8616,10.123215565685586,55.66318497491257,56.06001502508744,-80.39342783123706
0,round_only,8,8,10000,56.7633,9.849333685453281,56.570253059765115,56.95634694023489,-73.47400576638047
0,position_only,8,8,10000,56.3617,10.223635624499645,56.161316741759805,56.56208325824019,-74.71216972654801
0,static,8,16,10000,55.3757,10.54216596512897,55.16907354708347,55.58232645291653,-81.80766674066008
0,rotor,8,16,10000,56.284,9.791748150007908,56.09208173625984,56.475918263740155,-78.80104636876071
0,round_only,8,16,10000,56.6748,9.85097706498769,56.48172084952624,56.867879150473755,-74.36013658010842
0,position_only,8,16,10000,55.8793,9.921611529763437,55.68483641401664,56.073763585983365,-81.84859864386993
0,static,8,256,10000,57.6247,9.125216538125919,57.44584575585273,57.803554244147264,-69.86464346751077
0,rotor,8,256,10000,58.0813,9.329179688984821,57.898448078095896,58.2641519219041,-63.44287705154128
0,round_only,8,256,10000,57.7356,8.972543858590463,57.55973814037163,57.91146185962837,-69.8174352639398
0,position_only,8,256,10000,58.6557,8.708348927558221,58.48501636101986,58.82638363898015,-61.36984225663674
0,static,12,1,10000,64.0042,5.694561015786577,63.89258660409058,64.11581339590941,0.07375458772597207
0,rotor,12,1,10000,63.9633,5.704507625617225,63.8514916505379,64.0751083494621,-0.6433508798409637
0,round_only,12,1,10000,63.9231,5.671966458852788,63.811929457406485,64.03427054259352,-1.3557908100809848
0,position_only,12,1,10000,63.9301,5.641027930227873,63.81953585256754,64.04066414743247,-1.2391358607787164
0,static,12,2,10000,63.7271,5.886500715965973,63.61172458596707,63.84247541403293,-4.636031033850254
0,rotor,12,2,10000,63.7121,5.892035743146833,63.59661609943432,63.82758390056568,-4.886256848235584
0,round_only,12,2,10000,63.7237,5.810811893658781,63.609808086884286,63.837591913115716,-4.754929346474278
0,position_only,12,2,10000,63.7147,5.934359744113704,63.59838654901537,63.83101345098463,-4.807595297588569
0,static,12,4,10000,63.7807,5.792043014880727,63.66717595690834,63.89422404309167,-3.786228787261741
0,rotor,12,4,10000,63.7251,5.818927390988666,63.61104902313662,63.83915097686337,-4.724238360934341
0,round_only,12,4,10000,63.6615,5.873922713724167,63.546371114811,63.77662888518899,-5.762758832510899
0,position_only,12,4,10000,63.7471,5.84969772606659,63.6324459245691,63.86175407543091,-4.323300311280356
0,static,12,8,10000,63.6729,5.889598825678431,63.5574638630167,63.7883361369833,-5.553858754756907
0,rotor,12,8,10000,63.6988,5.989479605658129,63.5814061997291,63.816193800270895,-5.028817523904155
0,round_only,12,8,10000,63.7335,5.843226170465073,63.618972767058885,63.848027232941114,-4.560836637593123
0,position_only,12,8,10000,63.6659,5.922076011706439,63.549827310170556,63.781972689829445,-5.641602697087451
0,static,12,16,10000,63.5523,5.9083970436627355,63.436495417944215,63.66810458205579,-7.577351296663354
0,rotor,12,16,10000,63.5789,5.940614772932852,63.46246395045051,63.69533604954948,-7.088491950675801
0,round_only,12,16,10000,63.6807,5.840116283587219,63.566233720841694,63.79516627915831,-5.467356889747961
0,position_only,12,16,10000,63.673,5.985553749267359,63.55568314651436,63.79031685348564,-5.463153681311833
0,static,12,256,10000,63.8957,5.820241320675896,63.78162327011475,64.00977672988525,-1.7920219154742858
0,rotor,12,256,10000,63.7424,5.743373649179323,63.62982987647609,63.85497012352392,-4.485168748106877
0,round_only,12,256,10000,63.8135,5.813355077726284,63.69955824047656,63.92744175952343,-3.2081302020337987
0,position_only,12,256,10000,63.8441,5.766135622928253,63.731083741790606,63.95711625820939,-2.703717189378749
0,static,14,1,10000,63.9866,5.683946794711973,63.87519464282365,64.09800535717636,-0.23575167896476096
0,rotor,14,1,10000,64.0679,5.736321131876492,63.955468105815214,64.18033189418477,1.1836854743483085
0,round_only,14,1,10000,63.9766,5.66975017498167,63.86547289657036,64.08772710342964,-0.41271659734245625
0,position_only,14,1,10000,63.9783,5.586604525560451,63.86880255129901,64.08779744870098,-0.3884291415423891
0,static,14,2,10000,63.8955,5.6075238904901905,63.78559253174639,64.00540746825361,-1.8635676287928675
0,rotor,14,2,10000,63.9007,5.6562212468996815,63.789838063560765,64.01156193643924,-1.7555890348954852
0,round_only,14,2,10000,63.9643,5.685196360352523,63.85287015133709,64.07572984866292,-0.6279466484036244
0,position_only,14,2,10000,63.9299,5.600528777022596,63.82012963597036,64.03967036402965,-1.2516675262449717
0,static,14,4,10000,64.0338,5.644700507943928,63.9231638700443,64.14443612995571,0.5987917331031434
0,rotor,14,4,10000,64.0234,5.61859495789918,63.91327553882517,64.13352446117482,0.41647422843850224
0,round_only,14,4,10000,63.958,5.690911583170551,63.84645813296986,64.06954186703014,-0.738018846123108
0,position_only,14,4,10000,64.1039,5.730670889946908,63.99157885055703,64.21622114944296,1.8130512464476645
0,static,14,8,10000,63.9941,5.658786740701373,63.883187779882256,64.10501222011774,-0.10426263208614285
0,rotor,14,8,10000,63.9003,5.70201817000973,63.78854044386781,64.01205955613219,-1.7485037231971579
0,round_only,14,8,10000,63.9929,5.683773404879174,63.881498041264365,64.10430195873563,-0.12491701364988086
0,position_only,14,8,10000,63.9946,5.637956145177922,63.88409605955451,64.10510394044549,-0.09577938992342433
0,static,14,16,10000,63.8252,5.650578542396024,63.71444866056904,63.935951339430964,-3.0934885461458763
0,rotor,14,16,10000,63.9399,5.669859144658888,63.82877076076469,64.05102923923532,-1.0599910591538027
0,round_only,14,16,10000,63.9446,5.77619834205238,63.831386512495776,64.05781348750423,-0.9591083394188683
0,position_only,14,16,10000,63.8649,5.689910851546784,63.753377747309685,63.97642225269031,-2.374378149760902
0,static,14,256,10000,63.9785,5.66065738710668,63.867551115212706,64.08944888478729,-0.3798145432538258
0,rotor,14,256,10000,63.9295,5.706801775833016,63.81764668519367,64.04135331480633,-1.2353679480957942
0,round_only,14,256,10000,63.96,5.708367415106931,63.84811599866391,64.0718840013361,-0.7007257433034354
0,position_only,14,256,10000,63.8875,5.688556909970383,63.776004284564586,63.99899571543542,-1.9776544698501204
0,static,16,1,10000,64.0289,5.633599074646099,63.91848145813693,64.13931854186306,0.5129935520271032
0,rotor,16,1,10000,64.0965,5.611803362885977,63.986508654087444,64.20649134591257,1.7195898316433356
0,round_only,16,1,10000,64.0852,5.639638420337887,63.97466308696138,64.19573691303863,1.5107351509052207
0,position_only,16,1,10000,63.9696,5.7044307247077075,63.857793157795726,64.08140684220427,-0.5329190846043255
0,static,16,2,10000,63.9448,5.666865473648518,63.83372943671649,64.0558705632835,-0.9740834727184663
0,rotor,16,2,10000,63.9202,5.657493498296603,63.80931312743339,64.03108687256662,-1.4105186338088678
0,round_only,16,2,10000,64.1012,5.60864549159822,63.99127054836468,64.21112945163533,1.8043572222848432
0,position_only,16,2,10000,63.9607,5.738871751041096,63.8482181136796,64.07318188632041,-0.6848035938922623
0,static,16,4,10000,63.9561,5.639712175753522,63.84556164135523,64.06663835864477,-0.7784085185896076
0,rotor,16,4,10000,63.9564,5.611100380918923,63.84642243253399,64.06637756746602,-0.777031188895921
0,round_only,16,4,10000,63.9946,5.656533432858653,63.88373194471597,64.10546805528402,-0.09546482954795543
0,position_only,16,4,10000,63.9852,5.730345944745801,63.87288521948298,64.09751478051702,-0.25827411019698154
0,static,16,8,10000,64.0095,5.639023817023731,63.89897513318634,64.12002486681367,0.16846887525679605
0,rotor,16,8,10000,63.846,5.64716504516246,63.73531556511481,63.95668443488518,-2.72703203764028
0,round_only,16,8,10000,63.9939,5.6464193074106275,63.883230181574746,64.10456981842525,-0.10803306782402113
0,position_only,16,8,10000,64.0108,5.6344882736421225,63.90036402983662,64.12123597016338,0.19167667897234175
0,static,16,16,10000,63.9588,5.624576974903504,63.84855829129189,64.0690417087081,-0.7324995316774074
0,rotor,16,16,10000,64.0288,5.62360498731066,63.91857734224872,64.1390226577513,0.5121270086535145
0,round_only,16,16,10000,63.9962,5.631958580791017,63.885813611816495,64.1065863881835,-0.06747208711653085
0,position_only,16,16,10000,63.9328,5.64828066471973,63.82209369897149,64.0435063010285,-1.1897425781219424
0,static,16,256,10000,63.9213,5.702031008839095,63.809540192226756,64.03305980777324,-1.3802099616434864
0,rotor,16,256,10000,63.993,5.657150460711958,63.88211985097005,64.10388014902996,-0.12373720742645654
0,round_only,16,256,10000,63.9729,5.697754999225847,63.86122400201518,64.08457599798483,-0.47562592641626944
0,position_only,16,256,10000,64.1499,5.686674231603359,64.03844118506058,64.26135881493943,2.635987114699518
1,static,8,1,10000,63.0669,6.0233422993588475,62.94884249093256,63.18495750906743,-15.491399187114546
1,rotor,8,1,10000,63.1775,5.882317053287041,63.062206585755575,63.29279341424443,-13.98258530693079
1,round_only,8,1,10000,62.4874,6.575771081518247,62.35851488680224,62.61628511319776,-23.002625566624232
1,position_only,8,1,10000,63.8704,5.806873153219533,63.756585286196895,63.9842147138031,-2.2318379716655037
1,static,8,2,10000,56.983,10.398073042266017,56.77919776837158,57.18680223162841,-67.48365751497752
1,rotor,8,2,10000,55.4912,9.604319177051826,55.302955344129785,55.67944465587021,-88.59347386466065
1,round_only,8,2,10000,55.9937,10.338246865151968,55.79107036144302,56.196329638556975,-77.44349795889995
1,position_only,8,2,10000,55.6098,10.056423674732114,55.41269409597525,55.80690590402475,-83.43125022746719
1,static,8,4,10000,56.2148,10.08963037103453,56.01704324472772,56.41255675527228,-77.16040839662351
1,rotor,8,4,10000,55.7697,10.492047951521272,55.564055860150184,55.97534413984982,-78.44321754940765
1,round_only,8,4,10000,55.8913,10.216502434894254,55.69105655227607,56.09154344772393,-79.36864941474394
1,position_only,8,4,10000,55.4389,10.07018409219837,55.24152439179291,55.636275608207086,-85.01433461015382
1,static,8,8,10000,55.9337,10.665565139174472,55.72465492327218,56.14274507672782,-75.62937260935747
1,rotor,8,8,10000,55.3463,10.024970140236391,55.149810585251366,55.54278941474863,-86.32145411852512
1,round_only,8,8,10000,57.1957,10.146698825712033,56.996824703016046,57.39457529698396,-67.05924869631197
1,position_only,8,8,10000,56.0005,10.956464035463998,55.78575330490491,56.2152466950951,-73.01169404752419
1,static,8,16,10000,54.7731,10.433192298628164,54.568609430946886,54.97759056905311,-88.43793669185246
1,rotor,8,16,10000,55.8585,10.340104908894915,55.65583394378566,56.06116605621434,-78.73711216407874
1,round_only,8,16,10000,56.2847,9.91548675546288,56.090356459592925,56.479043540407076,-77.81060264892493
1,position_only,8,16,10000,56.0837,9.909869568338735,55.88946655646056,56.27793344353944,-79.88298882653274
1,static,8,256,10000,59.069,9.209088974050212,58.88850185610862,59.24949814389139,-53.54492734183362
1,rotor,8,256,10000,58.8035,9.327560671944669,58.620679810829884,58.986320189170115,-55.71124308663008
1,round_only,8,256,10000,59.0689,9.353368448860229,58.88557397840234,59.25222602159766,-52.72004440925118
1,position_only,8,256,10000,58.2786,9.29101793892543,58.09649604839706,58.46070395160294,-61.57990478125932
1,static,12,1,10000,63.8226,5.708098411795987,63.7107212711288,63.934478728871206,-3.1078651277874836
1,rotor,12,1,10000,63.8455,5.6964264831091915,63.73385004093106,63.95714995906894,-2.7122266996355657
1,round_only,12,1,10000,63.9075,5.724108689746309,63.79530746968097,64.01969253031902,-1.6159721104824218
1,position_only,12,1,10000,63.8719,5.685237249425764,63.760469349911254,63.98333065008874,-2.2532041211286677
1,static,12,2,10000,63.6376,5.854032217994784,63.522860968527304,63.752339031472694,-6.190604808870286
1,rotor,12,2,10000,63.7683,5.867849544409569,63.65329014892958,63.88330985107043,-3.9486356670603837
1,round_only,12,2,10000,63.7765,5.826194487332226,63.66230658804829,63.89069341195171,-3.8361232273648396
1,position_only,12,2,10000,63.547,5.954186445991036,63.43029794565857,63.66370205434142,-7.608092291181252
1,static,12,4,10000,63.8314,5.823913275159895,63.71725129980687,63.945548700193136,-2.8949606911062555
1,rotor,12,4,10000,63.5959,5.873129707000819,63.48078665774278,63.71101334225722,-6.880488260259417
1,round_only,12,4,10000,63.7591,5.858933341487169,63.64426490650685,63.873935093493145,-4.111669922820047
1,position_only,12,4,10000,63.7123,5.8844193723030065,63.59696538030286,63.827634619697136,-4.889182462999791
1,static,12,8,10000,63.6781,5.82936347621709,63.56384447586615,63.79235552413385,-5.522043724212809
1,rotor,12,8,10000,63.6435,5.8841881442567505,63.52816991237257,63.75883008762744,-6.058609807505187
1,round_only,12,8,10000,63.6752,5.878550901035867,63.5599804023397,63.790419597660296,-5.5251711768417255
1,position_only,12,8,10000,63.7881,5.7570576479028,63.67526167010111,63.90093832989889,-3.6806996378990853
1,static,12,16,10000,63.7465,5.852013530079679,63.63180053481044,63.86119946518956,-4.3318423427594315
1,rotor,12,16,10000,63.7191,5.826919468213792,63.60489237842301,63.833307621576985,-4.820729058164087
1,round_only,12,16,10000,63.7231,5.871087919400947,63.608026676779744,63.83817332322026,-4.716332029111412
1,position_only,12,16,10000,63.7923,5.837942177418914,63.67787633332259,63.90672366667741,-3.5577604862786
1,static,12,256,10000,63.8257,5.855864464352167,63.710925056498695,63.9404749435013,-2.9765033166505352
1,rotor,12,256,10000,63.8676,5.753067009691597,63.75483988661005,63.980360113389956,-2.3013811550770464
1,round_only,12,256,10000,63.8281,5.675929175668132,63.7168517881569,63.9393482118431,-3.028579016399829
1,position_only,12,256,10000,63.8498,5.783544319748042,63.73644253133294,63.96315746866706,-2.5970234115287547
1,static,14,1,10000,63.954,5.678794667082715,63.84269562452518,64.06530437547482,-0.8100310487829329
1,rotor,14,1,10000,63.9638,5.7040988100070145,63.85199966332386,64.07560033667613,-0.63463136256499
1,round_only,14,1,10000,63.9473,5.627725103359607,63.83699658797415,64.05760341202584,-0.9364352208415614
1,position_only,14,1,10000,64.0841,5.686040827854616,63.972653599774056,64.19554640022595,1.4790607831730613
1,static,14,2,10000,63.979,5.62194980695872,63.86880978378361,64.0891902162164,-0.37353588561049544
1,rotor,14,2,10000,64.0237,5.729661526837446,63.91139863407399,64.13600136592602,0.41363699913154656
1,round_only,14,2,10000,64.0739,5.694565971007783,63.96228650696824,64.18551349303175,1.2977284024144242
1,position_only,14,2,10000,64.0382,5.705523294107733,63.92637174343549,64.15002825656451,0.6695266679474193
1,static,14,4,10000,64.1199,5.628116164326738,64.0095889231792,64.23021107682081,2.130375360053433
1,rotor,14,4,10000,63.9707,5.58397345856502,63.861254120212124,64.08014587978788,-0.5247159610878377
1,round_only,14,4,10000,63.9599,5.557767615516756,63.85096775473587,64.06883224526413,-0.721512714710257
1,position_only,14,4,10000,64.0594,5.65834545846511,63.94849642901408,64.17030357098591,1.0497768373461858
1,static,14,8,10000,63.936,5.66182917712669,63.82502814812832,64.04697185187169,-1.1303767386440169
1,rotor,14,8,10000,63.985,5.665931986754505,63.87394773305961,64.09605226694039,-0.2647402057607949
1,round_only,14,8,10000,64.0283,5.683126683691847,63.91691071699964,64.13968928300037,0.4979653204143855
1,position_only,14,8,10000,63.8931,5.628786788826826,63.78277577893899,64.003424221061,-1.8991659128428922
1,static,14,16,10000,63.9603,5.653345906805473,63.84949442022661,64.07110557977339,-0.7022390042012592
1,rotor,14,16,10000,63.8883,5.695425084810586,63.77666966833771,63.99993033166229,-1.9612232333262944
1,round_only,14,16,10000,64.0495,5.737816832576692,63.937038790081495,64.1619612099185,0.8626974587086238
1,position_only,14,16,10000,64.025,5.6898517064370076,63.91347890655384,64.13652109344618,0.43937876222191946
1,static,14,256,10000,63.9884,5.592941403175429,63.87877834849776,64.09802165150224,-0.20740428271634334
1,rotor,14,256,10000,63.9814,5.721619327845333,63.86925626117423,64.09354373882577,-0.3250827944718184
1,round_only,14,256,10000,63.9963,5.731419651981759,63.88396417482115,64.10863582517884,-0.06455643147195969
1,position_only,14,256,10000,63.9698,5.69061738940752,63.85826389916761,64.08133610083239,-0.5306981287516318
1,static,16,1,10000,63.9442,5.673297541157087,63.833003368193324,64.05539663180669,-0.983554971252526
1,rotor,16,1,10000,64.0659,5.630624084660446,63.95553976794066,64.17626023205935,1.1703853606482286
1,round_only,16,1,10000,64.0211,5.709178072317077,63.90920010978259,64.13299989021742,0.3695803447139748
1,position_only,16,1,10000,64.0304,5.657939295159217,63.91950438981488,64.14129561018513,0.5372980941313675
1,static,16,2,10000,63.9582,5.636597367471647,63.84772269159755,64.06867730840244,-0.7415821509839698
1,rotor,16,2,10000,63.916,5.618514106957194,63.805877123503635,64.02612287649636,-1.4950572055339177
1,round_only,16,2,10000,63.9658,5.6161895016507275,63.855722685767645,64.07587731423236,-0.6089538109414984
1,position_only,16,2,10000,64.0217,5.679159655744813,63.9103884707474,64.1330115292526,0.3820987842460944
1,static,16,4,10000,63.9885,5.70934562036152,63.87659682584091,64.10040317415908,-0.2014241344749747
1,rotor,16,4,10000,63.894,5.656550508602008,63.7831316100314,64.00486838996859,-1.8739335897170146
1,round_only,16,4,10000,64.022,5.673952359117704,63.9107905337613,64.13320946623871,0.3877367768986089
1,position_only,16,4,10000,63.9338,5.721406383844877,63.82166043487664,64.04593956512336,-1.1570581699444775
1,static,16,8,10000,64.0254,5.6166813645563956,63.9153130452547,64.1354869547453,0.45222433589146355
1,rotor,16,8,10000,63.9743,5.654912670743145,63.86346371165343,64.08513628834656,-0.4544720934942946
1,round_only,16,8,10000,64.0081,5.684757341927943,63.89667875609821,64.11952124390179,0.14248629295497478
1,position_only,16,8,10000,64.0059,5.663185707464989,63.89490156013368,64.1168984398663,0.10418164448006285
1,static,16,16,10000,64.0574,5.636672994617022,63.94692120930551,64.1678787906945,1.0183312045033972
1,rotor,16,16,10000,64.0143,5.659478640285515,63.90337421865041,64.1252257813496,0.25267345119416035
1,round_only,16,16,10000,63.9616,5.663067408502862,63.85060387879334,64.07259612120666,-0.6780777488600412
1,position_only,16,16,10000,63.9517,5.6324363772664485,63.84130424700558,64.06209575299442,-0.8575329886538137
1,static,16,256,10000,64.0222,5.686593083216822,63.91074277556895,64.13365722443105,0.3903919214040155
1,rotor,16,256,10000,64.0392,5.633385914677458,63.92878563607231,64.14961436392767,0.6958514931111074
1,round_only,16,256,10000,63.9831,5.65383153013044,63.87228490200945,64.09391509799056,-0.2989123377648607
1,position_only,16,256,10000,64.0021,5.6847275398844115,63.89067934021826,64.11352065978173,0.036941084427792266
2,static,8,1,10000,61.6434,6.495202476098844,61.51609403146846,61.77070596853154,-36.282163776600605
2,rotor,8,1,10000,58.0534,9.519601395072804,57.866815812656576,58.23998418734343,-62.46690122002233
2,round_only,8,1,10000,59.5381,7.5605598070817255,59.3899130277812,59.6862869722188,-59.01547125942561
2,position_only,8,1,10000,59.22,8.673587672486583,59.04999768161926,59.39000231838074,-55.109836673036696
2,static,8,2,10000,56.3931,9.653853742377079,56.203884466649406,56.58231553335059,-78.7965117661597
2,rotor,8,2,10000,56.5202,9.256962844049317,56.338763528256635,56.70163647174337,-80.80187990392832
2,round_only,8,2,10000,56.2922,9.940296781787302,56.09737018307697,56.487029816923034,-77.5409443923475
2,position_only,8,2,10000,56.6078,9.970021027657323,56.412387587857914,56.80321241214208,-74.14427692272345
2,static,8,4,10000,56.9186,9.343099239028719,56.73547525491504,57.10172474508496,-75.79283724632859
2,rotor,8,4,10000,56.1613,10.196532706656894,55.96144795894952,56.361152041050474,-76.87613255908492
2,round_only,8,4,10000,57.4195,9.799659335013041,57.22742667703374,57.61157332296626,-67.15029344426944
2,position_only,8,4,10000,56.7933,9.328873345575541,56.61045408242672,56.976145917573284,-77.25155796458488
2,static,8,8,10000,56.3387,9.772314573488325,56.14716263435963,56.530237365640374,-78.39800839797587
2,rotor,8,8,10000,56.4221,10.367491503638082,56.21889716652869,56.62530283347131,-73.09289809729596
2,round_only,8,8,10000,57.367,9.658190258216413,57.177699470938954,57.55630052906104,-68.67746257490816
2,position_only,8,8,10000,57.0159,10.05086808116187,56.81890298560923,57.21289701439078,-69.48753026706369
2,static,8,16,10000,55.0646,9.897445265434824,54.870610072797476,55.25858992720252,-90.27986273594657
2,rotor,8,16,10000,55.5232,9.738220836195154,55.33233087161058,55.714069128389426,-87.04670126696357
2,round_only,8,16,10000,56.4627,10.509008166105092,56.25672343994434,56.66867656005566,-71.72227750578976
2,position_only,8,16,10000,58.0005,10.030641112417124,57.80389943419663,58.197100565803375,-59.81173020509228
2,static,8,256,10000,58.4912,8.907382146605734,58.316615309926526,58.66578469007347,-61.845331314309846
2,rotor,8,256,10000,57.3902,9.448273437358527,57.20501384062777,57.57538615937223,-69.95775517953167
2,round_only,8,256,10000,58.073,9.933928693821462,57.8782949976011,58.2677050023989,-59.66420922355095
2,position_only,8,256,10000,59.4953,9.43824591534867,59.310310380059164,59.68028961994084,-47.72814822163474
2,static,12,1,10000,63.9566,5.707641733449616,63.84473022202439,64.06846977797561,-0.7603840960383474
2,rotor,12,1,10000,63.8576,5.751524166951253,63.744870126327754,63.97032987367224,-2.4758654552517507
2,round_only,12,1,10000,63.8732,5.7670137510465915,63.76016653047948,63.98623346952051,-2.1987115944884192
2,position_only,12,1,10000,63.9229,5.666300935057074,63.81184050167288,64.03395949832712,-1.3606760545135943
2,static,12,2,10000,63.7689,5.831663023474687,63.6545994047399,63.88320059526011,-3.962849003272848
2,rotor,12,2,10000,63.6249,5.956874048092882,63.50814526865737,63.74165473134262,-6.296926827252511
2,round_only,12,2,10000,63.8059,5.773903271262742,63.69273149588325,63.91906850411675,-3.3616773763088954
2,position_only,12,2,10000,63.7476,5.813817531315267,63.63364917638622,63.861550823613776,-4.341381521530153
2,static,12,4,10000,63.6655,5.9168159191462175,63.54953040798473,63.78146959201527,-5.653378515927634
2,rotor,12,4,10000,63.7208,5.824022603315375,63.60664915697502,63.83495084302498,-4.7939374383792055
2,round_only,12,4,10000,63.7042,5.768676635330871,63.59113393794752,63.81726606205248,-5.1276925142300644
2,position_only,12,4,10000,63.7769,5.863511274522003,63.661975179019365,63.89182482098063,-3.804887371316422
2,static,12,8,10000,63.7688,5.842136562590915,63.65429412337322,63.88330587662678,-3.9574562751656535
2,rotor,12,8,10000,63.736,5.863185285676159,63.62108156840075,63.85091843159925,-4.502671963053231
2,round_only,12,8,10000,63.6858,5.7189814683126485,63.573707963221075,63.797892036778926,-5.493985279387562
2,position_only,12,8,10000,63.7065,5.9537973193796265,63.58980557254016,63.82319442745984,-4.929626996952993
2,static,12,16,10000,63.7401,5.8000617291203165,63.62641879010924,63.853781209890755,-4.480986791832305
2,rotor,12,16,10000,63.6841,5.817481542656574,63.57007736176393,63.79812263823607,-5.430184826263193
2,round_only,12,16,10000,63.451,5.995514458273113,63.33348791661785,63.56851208338215,-9.156845568814255
2,position_only,12,16,10000,63.7741,5.9402018307275535,63.65767204411774,63.890527955882256,-3.80290108715607
2,static,12,256,10000,63.8017,5.750450754365943,63.688991165214425,63.91440883478557,-3.448425322996584
2,rotor,12,256,10000,63.7405,5.766323334541678,63.62748006264298,63.853519937357014,-4.500267934084353
2,round_only,12,256,10000,63.7138,5.8907859998449785,63.59834059440304,63.82925940559696,-4.85843485075731
2,position_only,12,256,10000,63.9098,5.703167240372419,63.7980179220887,64.02158207791129,-1.581577327094354
2,static,14,1,10000,64.0245,5.67412718591434,63.91328710715608,64.13571289284393,0.4317844700559936
2,rotor,14,1,10000,64.0724,5.657646077293417,63.96151013688505,64.18328986311495,1.2796841479811603
2,round_only,14,1,10000,63.862,5.620116953539059,63.751845707710636,63.97215429228937,-2.4554649154248964
2,position_only,14,1,10000,64.0876,5.662590637974224,63.9766132234957,64.19858677650429,1.5469951052533342
2,static,14,2,10000,64.0418,5.690842760886379,63.93025948188662,64.15334051811337,0.7345133534050479
2,rotor,14,2,10000,63.9369,5.718040572503739,63.824826404778925,64.04897359522107,-1.1035248735979013
2,round_only,14,2,10000,63.9669,5.688025998004527,63.85541469043911,64.07838530956089,-0.581924203785454
2,position_only,14,2,10000,63.9575,5.675765603116301,63.84625499417892,64.06874500582109,-0.7487976595908415
2,static,14,4,10000,63.9752,5.639695521617959,63.864661967776286,64.08573803222372,-0.43974005165591334
2,rotor,14,4,10000,64.026,5.676420190103747,63.91474216427396,64.13725783572603,0.4580351547146662
2,round_only,14,4,10000,64.0004,5.672020541368144,63.88922839738918,64.11157160261081,0.007052160638025194
2,position_only,14,4,10000,63.9753,5.648883154933355,63.8645818901633,64.08601810983669,-0.4372545744450655
2,static,14,8,10000,63.9872,5.68799362580064,63.87571532493431,64.0986846750657,-0.225035413927646
2,rotor,14,8,10000,64.0289,5.756698597970436,63.91606870747977,64.14173129252022,0.5020238511389485
2,round_only,14,8,10000,63.908,5.676192202153797,63.79674663283779,64.01925336716222,-1.6208048762881901
2,position_only,14,8,10000,63.9295,5.7014542362489244,63.81775149696952,64.04124850303047,-1.2365266312544452
2,static,14,16,10000,63.9564,5.68138423737431,63.84504486894747,64.06775513105254,-0.767418610999419
2,rotor,14,16,10000,63.9329,5.667769398184359,63.82181171979558,64.04398828020442,-1.1838872629768358
2,round_only,14,16,10000,63.9176,5.646255242178304,63.8069333972533,64.0282666027467,-1.4593743368960805
2,position_only,14,16,10000,63.8903,5.650898970599067,63.77954238017626,64.00105761982374,-1.9412840429593983
2,static,14,256,10000,63.8895,5.660414629634293,63.778555873259165,64.00044412674083,-1.9521538125757576
2,rotor,14,256,10000,63.9272,5.691690407424617,63.81564286801448,64.03875713198552,-1.2790576224074965
2,round_only,14,256,10000,64.0381,5.677135842758892,63.92682813748193,64.14937186251808,0.6711130586842667
2,position_only,14,256,10000,63.9582,5.678228331768525,63.846906724697334,64.06949327530266,-0.7361451064963276
2,static,16,1,10000,64.0145,5.628273047369822,63.90418584827155,64.12481415172844,0.2576278705379131
2,rotor,16,1,10000,64.0401,5.690354119296996,63.928569059261775,64.15163094073822,0.7047013096075897
2,round_only,16,1,10000,63.905,5.638222588315891,63.79449083726901,64.015509162731,-1.6849281579777944
2,position_only,16,1,10000,64.0342,5.599889841472211,63.924442159107144,64.14395784089285,0.6107262994124769
2,static,16,2,10000,63.9308,5.685159933049063,63.81937086531224,64.04222913468776,-1.2172041035772379
2,rotor,16,2,10000,63.9438,5.707337288954718,63.83193618913649,64.05566381086352,-0.9846973668221698
2,round_only,16,2,10000,64.037,5.647992650676717,63.92629934404674,64.14770065595327,0.6551000025747726
2,position_only,16,2,10000,63.8736,5.66452396262672,63.76257533033252,63.98462466966749,-2.231431993826067
2,static,16,4,10000,64.0229,5.636732463518783,63.91242004371504,64.13337995628497,0.4062637378697141
2,rotor,16,4,10000,63.9915,5.623752342434801,63.88127445408828,64.10172554591172,-0.15114463586634191
2,round_only,16,4,10000,64.0291,5.663838018173684,63.918088774843795,64.1401112251562,0.513785879939113
2,position_only,16,4,10000,63.9802,5.642108763497024,63.869614668235464,64.09078533176455,-0.35093261810366605
2,static,16,8,10000,63.9391,5.687497336491267,63.82762505220477,64.05057494779523,-1.0707697322205179
2,rotor,16,8,10000,63.9974,5.64829032171292,63.886693509694425,64.10810649030557,-0.04603162819032576
2,round_only,16,8,10000,63.9916,5.671714579792205,63.88043439423607,64.10276560576392,-0.1481033624281829
2,position_only,16,8,10000,64.1373,5.6606406877048405,64.02635144252098,64.24824855747902,2.425520494494869
2,static,16,16,10000,63.9804,5.648717256215262,63.869685141778184,64.09111485822183,-0.34698143155299815
2,rotor,16,16,10000,63.985,5.710467226383,63.87307484236289,64.0969251576371,-0.26267552908278474
2,round_only,16,16,10000,63.9592,5.674341827517756,63.847982900180654,64.07041709981935,-0.7190261221510736
2,position_only,16,16,10000,64.0156,5.646055652793678,63.90493730920525,64.12626269079476,0.276299083100383
2,static,16,256,10000,64.027,5.630669715419687,63.916638873577774,64.13736112642222,0.4795166714549257
2,rotor,16,256,10000,63.9282,5.654541727161841,63.81737098214762,64.03902901785237,-1.2697757566295553
2,round_only,16,256,10000,64.0485,5.667253261144467,63.937421836081576,64.15957816391844,0.855793764018408
2,position_only,16,256,10000,63.9917,5.654858871173116,63.88086476612501,64.10253523387499,-0.14677643048369415
3,static,8,1,10000,62.4184,6.230523523937474,62.29628173893082,62.540518261069174,-25.3847047350603
3,rotor,8,1,10000,58.5689,8.758568606935967,58.39723205530405,58.74056794469595,-62.008990780743304
3,round_only,8,1,10000,59.3778,8.435661396613773,59.21246103662637,59.54313896337363,-54.793569616905614
3,position_only,8,1,10000,62.6354,6.196233224356315,62.51395382880261,62.75684617119738,-22.023057405844533
3,static,8,2,10000,56.8559,10.257146586434727,56.65485992690588,57.05694007309412,-69.6499746766631
3,rotor,8,2,10000,56.6098,10.112495746205369,56.41159508337437,56.80800491662563,-73.07988240957344
3,round_only,8,2,10000,55.4448,10.11615473481213,55.24652336719768,55.64307663280232,-84.56968308876783
3,position_only,8,2,10000,55.162,10.12718183806325,54.96350723597396,55.36049276402604,-87.27008304306506
3,static,8,4,10000,55.1625,10.768513817560152,54.95143712917582,55.37356287082418,-82.06796359947776
3,rotor,8,4,10000,56.7069,10.295454920944627,56.505109083549485,56.90869091645051,-70.83805481157745
3,round_only,8,4,10000,56.3014,10.946905567974513,56.0868406508677,56.5159593491323,-70.32672340320971
3,position_only,8,4,10000,56.4064,10.229442956012758,56.20590291806215,56.606897081937845,-74.23278112652815
3,static,8,8,10000,55.4061,10.268881525403742,55.204829922102086,55.60737007789792,-83.6887637542601
3,rotor,8,8,10000,56.3248,10.018659706479276,56.12843426975301,56.521165730247,-76.60904976177885
3,round_only,8,8,10000,55.8287,10.431655585467983,55.62423955052483,56.03316044947517,-78.3317655865018
3,position_only,8,8,10000,55.6451,9.537255470741643,55.45816979277346,55.83203020722654,-87.60277026898495
3,static,8,16,10000,56.1012,9.511740423318335,55.91476988770296,56.28763011229704,-83.04263624179484
3,rotor,8,16,10000,55.1115,10.424928568751268,54.907171400052476,55.31582859994752,-85.26197509538133
3,round_only,8,16,10000,56.7779,9.998028187936093,56.58193864751645,56.97386135248355,-72.23524343244391
3,position_only,8,16,10000,56.504,10.323044150058276,56.30166833465886,56.70633166534114,-72.61423947274008
3,static,8,256,10000,59.1679,8.734869168106549,58.99669656430512,59.33910343569489,-55.319660855864285
3,rotor,8,256,10000,58.6056,9.203831793985003,58.4252048968379,58.78599510316211,-58.61037142731585
3,round_only,8,256,10000,58.3991,9.843368751643823,58.20616997246778,58.59203002753222,-56.900235491682295
3,position_only,8,256,10000,58.2946,9.00673764313679,58.11806794219452,58.471132057805484,-63.34591087315129
3,static,12,1,10000,63.9042,5.716527812319547,63.79215605487854,64.01624394512146,-1.675842454462319
3,rotor,12,1,10000,63.8928,5.6900391751359205,63.78127523216734,64.00432476783267,-1.8839940587480775
3,round_only,12,1,10000,64.0354,5.61523818996069,63.925341331476766,64.14545866852322,0.6304273977778221
3,position_only,12,1,10000,63.9179,5.7351938794502395,63.805490199962776,64.03030980003723,-1.4315121986402113
3,static,12,2,10000,63.8513,5.801254499276561,63.73759541181418,63.96500458818582,-2.563238692916188
3,rotor,12,2,10000,63.6678,5.932601683601692,63.551521007001405,63.784078992998595,-5.599566896901818
3,round_only,12,2,10000,63.7674,5.837919609804254,63.652976775647836,63.88182322435217,-3.9842960428808825
3,position_only,12,2,10000,63.7498,5.75552886981354,63.636991634151656,63.862608365848345,-4.347124402628618
3,static,12,4,10000,63.6576,5.937481588077632,63.54122536087368,63.77397463912632,-5.7667547245541195
3,rotor,12,4,10000,63.718,5.809049018991878,63.60414263922776,63.83185736077225,-4.854495100282967
3,round_only,12,4,10000,63.6827,5.92073696617425,63.566653555462985,63.79874644453701,-5.359130152424758
3,position_only,12,4,10000,63.5946,5.89716274939477,63.479015610111865,63.710184389888134,-6.874492314827274
3,static,12,8,10000,63.738,5.938137936105461,63.621612496452336,63.85438750354766,-4.412157528490045
3,rotor,12,8,10000,63.7752,5.894110536281229,63.659675433488886,63.89072456651111,-3.8139766571435043
3,round_only,12,8,10000,63.6461,6.004270140157886,63.528416305252904,63.76378369474709,-5.894138533725216
3,position_only,12,8,10000,63.6796,5.745227985420635,63.56699353148576,63.792206468514244,-5.5768021880604515
3,static,12,16,10000,63.7076,5.837388949776698,63.59318717658438,63.82201282341562,-5.00908886688433
3,rotor,12,16,10000,63.6307,5.899304848011245,63.515073624978974,63.74632637502102,-6.2600596089639255
3,round_only,12,16,10000,63.7089,5.92405859500256,63.59278845153795,63.82501154846205,-4.913860916999832
3,position_only,12,16,10000,63.8282,5.8207450440031065,63.71411339713754,63.94228660286247,-2.9515121982021277
3,static,12,256,10000,63.8959,5.767684960968387,63.78285337476502,64.00894662523498,-1.8048836006903586
3,rotor,12,256,10000,63.9329,5.831054596706411,63.81861132990455,64.04718867009544,-1.150735238148927
3,round_only,12,256,10000,63.7425,5.765927361824304,63.629487823708246,63.855512176291754,-4.465890460307999
3,position_only,12,256,10000,63.9124,5.801318106187327,63.798694165118725,64.02610583488126,-1.5100016650797543
3,static,14,1,10000,63.9347,5.6997442590402105,63.822985012522814,64.04641498747719,-1.1456654374699358
3,rotor,14,1,10000,64.0114,5.662709304534956,63.90041089763111,64.12238910236889,0.2013170619735876
3,round_only,14,1,10000,64.0155,5.647517082304355,63.904808665186835,64.12619133481317,0.2744568944920924
3,position_only,14,1,10000,63.7351,5.703558630197888,63.62331025084812,63.846889749151885,-4.644468781252914
3,static,14,2,10000,63.8754,5.715360126373264,63.76337894152309,63.98742105847691,-2.180090094848792
3,rotor,14,2,10000,64.0445,5.559101556097991,63.935541609500476,64.15345839049952,0.8004890637622112
3,round_only,14,2,10000,63.9003,5.7206846210268685,63.788174581427874,64.01242541857212,-1.7427983992255516
3,position_only,14,2,10000,63.959,5.681790851019374,63.84763689932002,64.07036310067998,-0.7216034710718184
3,static,14,4,10000,63.8814,5.7094477683381895,63.76949482374057,63.993305176259426,-2.077258691421934
3,rotor,14,4,10000,64.0195,5.6526201854977085,63.90870864436424,64.13029135563575,0.3449727623664259
3,round_only,14,4,10000,64.0161,5.679847432518383,63.904774990322636,64.12742500967735,0.28345831804950233
3,position_only,14,4,10000,63.9251,5.6944124036868216,63.81348951688774,64.03671048311226,-1.315324474066997
3,static,14,8,10000,63.9493,5.710393188654955,63.837376293502366,64.06122370649764,-0.8878547995736372
3,rotor,14,8,10000,63.8853,5.654550495320597,63.77447081029172,63.996129189708284,-2.028454783362863
3,round_only,14,8,10000,64.0327,5.633525039479015,63.92228290922622,64.1431170907738,0.5804536195516684
3,position_only,14,8,10000,63.9184,5.725628325517837,63.80617768481985,64.03062231518015,-1.4251710967044233
3,static,14,16,10000,63.8283,5.6652650981982555,63.717260804075316,63.93933919592468,-3.030749612310422
3,rotor,14,16,10000,63.8806,5.656071317997628,63.76974100216725,63.99145899783275,-2.1110059135935546
3,round_only,14,16,10000,63.9237,5.681417618923649,63.812344214669096,64.0350557853309,-1.3429746784651695
3,position_only,14,16,10000,63.9321,5.815571483282422,63.81811479892766,64.04608520107233,-1.1675550751149488
3,static,14,256,10000,64.0199,5.596055358335669,63.91021731497663,64.12958268502338,0.3556076329796244
3,rotor,14,256,10000,63.9838,5.715785561098146,63.87177060300248,64.09582939699753,-0.2834256083757863
3,round_only,14,256,10000,63.8904,5.649847778302686,63.779662983545265,64.00113701645473,-1.9398752727622361
3,position_only,14,256,10000,64.0499,5.63233364674278,63.939506260523835,64.16029373947615,0.8859560375804686
3,static,16,1,10000,64.0181,5.655843990698886,63.9072454577823,64.1289545422177,0.32002297145695147
3,rotor,16,1,10000,63.9662,5.6432829296627,63.85559165457861,64.07680834542138,-0.5989421480595448
3,round_only,16,1,10000,63.8924,5.606154219829637,63.782519377291344,64.00228062270867,-1.9193193012672372
3,position_only,16,1,10000,63.9689,5.536587231302057,63.86038289026648,64.07741710973352,-0.5617178724137656
3,static,16,2,10000,63.9871,5.75220326259751,63.87435681605309,64.09984318394692,-0.22426189428807988
3,rotor,16,2,10000,64.0338,5.659422273169462,63.92287532344588,64.14472467655412,0.5972341056831986
3,round_only,16,2,10000,64.0237,5.73294208696523,63.91133433509549,64.13606566490452,0.4134003037269632
3,position_only,16,2,10000,64.0591,5.653087911070642,63.94829947694301,64.16990052305698,1.0454463282671262
3,static,16,4,10000,63.9745,5.727663604213877,63.86223779335741,64.08676220664259,-0.44520771054432146
3,rotor,16,4,10000,64.0637,5.602301392114566,63.95389489271455,64.17350510728544,1.1370327217606886
3,round_only,16,4,10000,64.0068,5.6584764376605445,63.895893861821854,64.11770613817815,0.12017369118549821
3,position_only,16,4,10000,64.0515,5.625585522525378,63.94123852375851,64.16176147624151,0.9154602626481002
3,static,16,8,10000,64.0694,5.629258609732682,63.95906653124924,64.17973346875077,1.232844408320713
3,rotor,16,8,10000,64.0616,5.688711768419843,63.95010124933897,64.17309875066103,1.0828462138293433
3,round_only,16,8,10000,64.0222,5.604966433875629,63.91234265789603,64.13205734210396,0.396077305045474
3,position_only,16,8,10000,64.0102,5.699854804684015,63.89848284582819,64.12191715417181,0.1789519268388277
3,static,16,16,10000,64.0309,5.651436902585606,63.920131836709324,64.14166816329067,0.5467636024718854
3,rotor,16,16,10000,63.9953,5.651625606602026,63.8845281381106,64.1060718618894,-0.08316191352996442
3,round_only,16,16,10000,64.1401,5.67877599837183,64.02879599043192,64.25140400956809,2.4670809350495984
3,position_only,16,16,10000,63.9728,5.6932153858907375,63.86121297843654,64.08438702156346,-0.4777616541156901
3,static,16,256,10000,63.9652,5.655845455701727,63.854345429068246,64.07605457093176,-0.6152926255245313
3,rotor,16,256,10000,63.8805,5.675988146053815,63.76925063233735,63.99174936766265,-2.105360281329755
3,round_only,16,256,10000,63.9727,5.602489937460837,63.86289119722577,64.08250880277424,-0.48728333838596216
3,position_only,16,256,10000,63.9949,5.594211607577161,63.88525345249149,64.10454654750852,-0.09116566118255169
