key_index,variant,rounds,difference,samples,distinct_output_differences,max_multiplicity,collision_pairs,max_observed_probability,mean_output_difference_weight
0,static,4,single_bit_0,10000,9967,4,39,0.0004,20.3697
0,rotor,4,single_bit_0,10000,9965,3,41,0.0003,20.6062
0,round_only,4,single_bit_0,10000,9952,4,58,0.0004,20.2147
0,position_only,4,single_bit_0,10000,9959,4,51,0.0004,20.207
0,static,4,single_bit_19,10000,9957,5,58,0.0005,18.7818
0,rotor,4,single_bit_19,10000,9973,3,31,0.0003,18.7397
0,round_only,4,single_bit_19,10000,9953,4,62,0.0004,18.4027
0,position_only,4,single_bit_19,10000,9954,6,65,0.0006,18.9422
0,static,4,single_bit_44,10000,9959,4,50,0.0004,15.8048
0,rotor,4,single_bit_44,10000,9971,3,32,0.0003,15.8623
0,round_only,4,single_bit_44,10000,9947,5,71,0.0005,16.071
0,position_only,4,single_bit_44,10000,9967,4,39,0.0004,15.8179
0,static,4,single_bit_68,10000,9967,5,44,0.0005,20.4285
0,rotor,4,single_bit_68,10000,9964,5,45,0.0005,20.6332
0,round_only,4,single_bit_68,10000,9969,4,37,0.0004,20.8694
0,position_only,4,single_bit_68,10000,9964,5,48,0.0005,20.951
0,static,4,single_bit_93,10000,9955,4,56,0.0004,17.6733
0,rotor,4,single_bit_93,10000,9963,4,46,0.0004,17.1195
0,round_only,4,single_bit_93,10000,9983,4,21,0.0004,17.5925
0,position_only,4,single_bit_93,10000,9952,4,58,0.0004,17.2974
0,static,4,single_bit_127,10000,9966,5,44,0.0005,20.7137
0,rotor,4,single_bit_127,10000,9972,4,37,0.0004,20.4932
0,round_only,4,single_bit_127,10000,9962,3,44,0.0003,20.1813
0,position_only,4,single_bit_127,10000,9954,4,56,0.0004,20.6083
0,static,4,full_byte_0,10000,9999,2,1,0.0002,24.4296
0,rotor,4,full_byte_0,10000,10000,1,0,0.0001,24.4579
0,round_only,4,full_byte_0,10000,10000,1,0,0.0001,24.5128
0,position_only,4,full_byte_0,10000,9999,2,1,0.0002,24.3476
0,static,4,full_byte_5,10000,10000,1,0,0.0001,24.2408
0,rotor,4,full_byte_5,10000,10000,1,0,0.0001,23.7089
0,round_only,4,full_byte_5,10000,10000,1,0,0.0001,23.9614
0,position_only,4,full_byte_5,10000,10000,1,0,0.0001,23.84
0,static,4,full_byte_10,10000,10000,1,0,0.0001,23.3636
0,rotor,4,full_byte_10,10000,10000,1,0,0.0001,23.4005
0,round_only,4,full_byte_10,10000,10000,1,0,0.0001,23.336
0,position_only,4,full_byte_10,10000,10000,1,0,0.0001,23.6486
0,static,4,full_byte_15,10000,10000,1,0,0.0001,25.2448
0,rotor,4,full_byte_15,10000,10000,1,0,0.0001,25.0814
0,round_only,4,full_byte_15,10000,10000,1,0,0.0001,25.065
0,position_only,4,full_byte_15,10000,10000,1,0,0.0001,25.1158
0,static,4,two_byte_weight2,10000,9954,4,61,0.0004,20.3113
0,rotor,4,two_byte_weight2,10000,9960,5,50,0.0005,20.3365
0,round_only,4,two_byte_weight2,10000,9962,4,45,0.0004,20.568
0,position_only,4,two_byte_weight2,10000,9947,4,70,0.0004,20.1498
0,static,4,four_byte_weight4,10000,10000,1,0,0.0001,51.0054
0,rotor,4,four_byte_weight4,10000,10000,1,0,0.0001,50.4608
0,round_only,4,four_byte_weight4,10000,10000,1,0,0.0001,50.3506
0,position_only,4,four_byte_weight4,10000,10000,1,0,0.0001,51.0496
0,static,8,single_bit_0,10000,10000,1,0,0.0001,57.1632
0,rotor,8,single_bit_0,10000,10000,1,0,0.0001,57.1045
0,round_only,8,single_bit_0,10000,10000,1,0,0.0001,56.8489
0,position_only,8,single_bit_0,10000,10000,1,0,0.0001,56.9497
0,static,8,single_bit_19,10000,10000,1,0,0.0001,51.5316
0,rotor,8,single_bit_19,10000,10000,1,0,0.0001,51.5688
0,round_only,8,single_bit_19,10000,10000,1,0,0.0001,51.5659
0,position_only,8,single_bit_19,10000,10000,1,0,0.0001,52.0125
0,static,8,single_bit_44,10000,10000,1,0,0.0001,52.2411
0,rotor,8,single_bit_44,10000,10000,1,0,0.0001,52.2495
0,round_only,8,single_bit_44,10000,10000,1,0,0.0001,52.4745
0,position_only,8,single_bit_44,10000,10000,1,0,0.0001,52.2318
0,static,8,single_bit_68,10000,10000,1,0,0.0001,55.2873
0,rotor,8,single_bit_68,10000,10000,1,0,0.0001,55.1757
0,round_only,8,single_bit_68,10000,10000,1,0,0.0001,55.5533
0,position_only,8,single_bit_68,10000,10000,1,0,0.0001,55.7685
0,static,8,single_bit_93,10000,10000,1,0,0.0001,55.0291
0,rotor,8,single_bit_93,10000,10000,1,0,0.0001,54.3839
0,round_only,8,single_bit_93,10000,10000,1,0,0.0001,55.0317
0,position_only,8,single_bit_93,10000,10000,1,0,0.0001,54.3211
0,static,8,single_bit_127,10000,10000,1,0,0.0001,57.4105
0,rotor,8,single_bit_127,10000,10000,1,0,0.0001,57.1319
0,round_only,8,single_bit_127,10000,10000,1,0,0.0001,57.0946
0,position_only,8,single_bit_127,10000,10000,1,0,0.0001,57.1286
0,static,8,full_byte_0,10000,10000,1,0,0.0001,58.7602
0,rotor,8,full_byte_0,10000,10000,1,0,0.0001,58.4385
0,round_only,8,full_byte_0,10000,10000,1,0,0.0001,58.5611
0,position_only,8,full_byte_0,10000,10000,1,0,0.0001,58.6585
0,static,8,full_byte_5,10000,10000,1,0,0.0001,60.026
0,rotor,8,full_byte_5,10000,10000,1,0,0.0001,59.433
0,round_only,8,full_byte_5,10000,10000,1,0,0.0001,59.8813
0,position_only,8,full_byte_5,10000,10000,1,0,0.0001,59.6524
0,static,8,full_byte_10,10000,10000,1,0,0.0001,60.7878
0,rotor,8,full_byte_10,10000,10000,1,0,0.0001,60.8204
0,round_only,8,full_byte_10,10000,10000,1,0,0.0001,60.8637
0,position_only,8,full_byte_10,10000,10000,1,0,0.0001,60.8774
0,static,8,full_byte_15,10000,10000,1,0,0.0001,61.3777
0,rotor,8,full_byte_15,10000,10000,1,0,0.0001,61.1232
0,round_only,8,full_byte_15,10000,10000,1,0,0.0001,61.2961
0,position_only,8,full_byte_15,10000,10000,1,0,0.0001,61.4255
0,static,8,two_byte_weight2,10000,10000,1,0,0.0001,57.078
0,rotor,8,two_byte_weight2,10000,10000,1,0,0.0001,56.965
0,round_only,8,two_byte_weight2,10000,10000,1,0,0.0001,57.0847
0,position_only,8,two_byte_weight2,10000,10000,1,0,0.0001,56.8419
0,static,8,four_byte_weight4,10000,10000,1,0,0.0001,63.7723
0,rotor,8,four_byte_weight4,10000,10000,1,0,0.0001,63.7788
0,round_only,8,four_byte_weight4,10000,10000,1,0,0.0001,63.8289
0,position_only,8,four_byte_weight4,10000,10000,1,0,0.0001,63.8611
0,static,12,single_bit_0,10000,10000,1,0,0.0001,63.6532
0,rotor,12,single_bit_0,10000,10000,1,0,0.0001,63.6922
0,round_only,12,single_bit_0,10000,10000,1,0,0.0001,63.567
0,position_only,12,single_bit_0,10000,10000,1,0,0.0001,63.6811
0,static,12,single_bit_19,10000,10000,1,0,0.0001,63.3956
0,rotor,12,single_bit_19,10000,10000,1,0,0.0001,63.4304
0,round_only,12,single_bit_19,10000,10000,1,0,0.0001,63.3589
0,position_only,12,single_bit_19,10000,10000,1,0,0.0001,63.29
0,static,12,single_bit_44,10000,10000,1,0,0.0001,63.4545
0,rotor,12,single_bit_44,10000,10000,1,0,0.0001,63.501
0,round_only,12,single_bit_44,10000,10000,1,0,0.0001,63.4383
0,position_only,12,single_bit_44,10000,10000,1,0,0.0001,63.5714
0,static,12,single_bit_68,10000,10000,1,0,0.0001,63.5236
0,rotor,12,single_bit_68,10000,10000,1,0,0.0001,63.749
0,round_only,12,single_bit_68,10000,10000,1,0,0.0001,63.4931
0,position_only,12,single_bit_68,10000,10000,1,0,0.0001,63.6835
0,static,12,single_bit_93,10000,10000,1,0,0.0001,63.6591
0,rotor,12,single_bit_93,10000,10000,1,0,0.0001,63.7009
0,round_only,12,single_bit_93,10000,10000,1,0,0.0001,63.664
0,position_only,12,single_bit_93,10000,10000,1,0,0.0001,63.5459
0,static,12,single_bit_127,10000,10000,1,0,0.0001,63.5841
0,rotor,12,single_bit_127,10000,10000,1,0,0.0001,63.6585
0,round_only,12,single_bit_127,10000,10000,1,0,0.0001,63.7037
0,position_only,12,single_bit_127,10000,10000,1,0,0.0001,63.6757
0,static,12,full_byte_0,10000,10000,1,0,0.0001,63.7457
0,rotor,12,full_byte_0,10000,10000,1,0,0.0001,63.7631
0,round_only,12,full_byte_0,10000,10000,1,0,0.0001,63.7556
0,position_only,12,full_byte_0,10000,10000,1,0,0.0001,63.7572
0,static,12,full_byte_5,10000,10000,1,0,0.0001,63.9567
0,rotor,12,full_byte_5,10000,10000,1,0,0.0001,63.986
0,round_only,12,full_byte_5,10000,10000,1,0,0.0001,63.9407
0,position_only,12,full_byte_5,10000,10000,1,0,0.0001,64.0133
0,static,12,full_byte_10,10000,10000,1,0,0.0001,63.8838
0,rotor,12,full_byte_10,10000,10000,1,0,0.0001,63.9526
0,round_only,12,full_byte_10,10000,10000,1,0,0.0001,63.9116
0,position_only,12,full_byte_10,10000,10000,1,0,0.0001,63.9115
0,static,12,full_byte_15,10000,10000,1,0,0.0001,63.8625
0,rotor,12,full_byte_15,10000,10000,1,0,0.0001,63.929
0,round_only,12,full_byte_15,10000,10000,1,0,0.0001,63.9632
0,position_only,12,full_byte_15,10000,10000,1,0,0.0001,63.9055
0,static,12,two_byte_weight2,10000,10000,1,0,0.0001,63.609
0,rotor,12,two_byte_weight2,10000,10000,1,0,0.0001,63.6342
0,round_only,12,two_byte_weight2,10000,10000,1,0,0.0001,63.6812
0,position_only,12,two_byte_weight2,10000,10000,1,0,0.0001,63.4701
0,static,12,four_byte_weight4,10000,10000,1,0,0.0001,64.0935
0,rotor,12,four_byte_weight4,10000,10000,1,0,0.0001,63.9854
0,round_only,12,four_byte_weight4,10000,10000,1,0,0.0001,64.0241
0,position_only,12,four_byte_weight4,10000,10000,1,0,0.0001,64.0151
0,static,16,single_bit_0,10000,10000,1,0,0.0001,63.9844
0,rotor,16,single_bit_0,10000,10000,1,0,0.0001,64.0541
0,round_only,16,single_bit_0,10000,10000,1,0,0.0001,64.029
0,position_only,16,single_bit_0,10000,10000,1,0,0.0001,64.0764
0,static,16,single_bit_19,10000,10000,1,0,0.0001,63.9444
0,rotor,16,single_bit_19,10000,10000,1,0,0.0001,64.0241
0,round_only,16,single_bit_19,10000,10000,1,0,0.0001,64.0198
0,position_only,16,single_bit_19,10000,10000,1,0,0.0001,63.9658
0,static,16,single_bit_44,10000,10000,1,0,0.0001,64.0698
0,rotor,16,single_bit_44,10000,10000,1,0,0.0001,63.8745
0,round_only,16,single_bit_44,10000,10000,1,0,0.0001,64.0303
0,position_only,16,single_bit_44,10000,10000,1,0,0.0001,63.9854
0,static,16,single_bit_68,10000,10000,1,0,0.0001,64.0267
0,rotor,16,single_bit_68,10000,10000,1,0,0.0001,63.9898
0,round_only,16,single_bit_68,10000,10000,1,0,0.0001,64.0756
0,position_only,16,single_bit_68,10000,10000,1,0,0.0001,63.9629
0,static,16,single_bit_93,10000,10000,1,0,0.0001,63.9755
0,rotor,16,single_bit_93,10000,10000,1,0,0.0001,64.0966
0,round_only,16,single_bit_93,10000,10000,1,0,0.0001,64.0174
0,position_only,16,single_bit_93,10000,10000,1,0,0.0001,64.0414
0,static,16,single_bit_127,10000,10000,1,0,0.0001,64.0347
0,rotor,16,single_bit_127,10000,10000,1,0,0.0001,64.1438
0,round_only,16,single_bit_127,10000,10000,1,0,0.0001,63.9185
0,position_only,16,single_bit_127,10000,10000,1,0,0.0001,64.0201
0,static,16,full_byte_0,10000,10000,1,0,0.0001,63.9163
0,rotor,16,full_byte_0,10000,10000,1,0,0.0001,64.0318
0,round_only,16,full_byte_0,10000,10000,1,0,0.0001,64.0227
0,position_only,16,full_byte_0,10000,10000,1,0,0.0001,64.0368
0,static,16,full_byte_5,10000,10000,1,0,0.0001,63.9886
0,rotor,16,full_byte_5,10000,10000,1,0,0.0001,63.9895
0,round_only,16,full_byte_5,10000,10000,1,0,0.0001,63.958
0,position_only,16,full_byte_5,10000,10000,1,0,0.0001,64.0116
0,static,16,full_byte_10,10000,10000,1,0,0.0001,63.9727
0,rotor,16,full_byte_10,10000,10000,1,0,0.0001,63.974
0,round_only,16,full_byte_10,10000,10000,1,0,0.0001,63.9573
0,position_only,16,full_byte_10,10000,10000,1,0,0.0001,64.1033
0,static,16,full_byte_15,10000,10000,1,0,0.0001,63.969
0,rotor,16,full_byte_15,10000,10000,1,0,0.0001,64.025
0,round_only,16,full_byte_15,10000,10000,1,0,0.0001,63.9427
0,position_only,16,full_byte_15,10000,10000,1,0,0.0001,63.9658
0,static,16,two_byte_weight2,10000,10000,1,0,0.0001,63.9811
0,rotor,16,two_byte_weight2,10000,10000,1,0,0.0001,63.9451
0,round_only,16,two_byte_weight2,10000,10000,1,0,0.0001,64.0571
0,position_only,16,two_byte_weight2,10000,10000,1,0,0.0001,64.0889
0,static,16,four_byte_weight4,10000,10000,1,0,0.0001,64.0595
0,rotor,16,four_byte_weight4,10000,10000,1,0,0.0001,63.9247
0,round_only,16,four_byte_weight4,10000,10000,1,0,0.0001,64.0736
0,position_only,16,four_byte_weight4,10000,10000,1,0,0.0001,64.0251
1,static,4,single_bit_0,10000,9955,4,64,0.0004,20.2512
1,rotor,4,single_bit_0,10000,9970,3,35,0.0003,20.5852
1,round_only,4,single_bit_0,10000,9950,3,59,0.0003,20.345
1,position_only,4,single_bit_0,10000,9961,4,49,0.0004,21.1003
1,static,4,single_bit_19,10000,9972,3,30,0.0003,19.0798
1,rotor,4,single_bit_19,10000,9980,4,25,0.0004,19.3345
1,round_only,4,single_bit_19,10000,9970,4,36,0.0004,19.1871
1,position_only,4,single_bit_19,10000,9971,3,34,0.0003,19.4682
1,static,4,single_bit_44,10000,9972,4,35,0.0004,16.0654
1,rotor,4,single_bit_44,10000,9965,4,42,0.0004,15.8349
1,round_only,4,single_bit_44,10000,9960,6,53,0.0006,15.9586
1,position_only,4,single_bit_44,10000,9970,3,34,0.0003,15.9887
1,static,4,single_bit_68,10000,9960,4,50,0.0004,21.1639
1,rotor,4,single_bit_68,10000,9973,3,29,0.0003,20.5383
1,round_only,4,single_bit_68,10000,9973,5,38,0.0005,20.653
1,position_only,4,single_bit_68,10000,9965,3,38,0.0003,20.352
1,static,4,single_bit_93,10000,9960,4,49,0.0004,17.2535
1,rotor,4,single_bit_93,10000,9953,4,56,0.0004,17.2921
1,round_only,4,single_bit_93,10000,9956,5,59,0.0005,17.4485
1,position_only,4,single_bit_93,10000,9961,4,47,0.0004,17.2118
1,static,4,single_bit_127,10000,9954,5,58,0.0005,20.4293
1,rotor,4,single_bit_127,10000,9959,4,54,0.0004,20.6843
1,round_only,4,single_bit_127,10000,9975,4,31,0.0004,20.6587
1,position_only,4,single_bit_127,10000,9968,4,43,0.0004,20.9457
1,static,4,full_byte_0,10000,9998,2,2,0.0002,24.2722
1,rotor,4,full_byte_0,10000,10000,1,0,0.0001,24.8222
1,round_only,4,full_byte_0,10000,10000,1,0,0.0001,24.2302
1,position_only,4,full_byte_0,10000,9999,2,1,0.0002,24.8718
1,static,4,full_byte_5,10000,10000,1,0,0.0001,23.9449
1,rotor,4,full_byte_5,10000,10000,1,0,0.0001,23.9228
1,round_only,4,full_byte_5,10000,10000,1,0,0.0001,23.838
1,position_only,4,full_byte_5,10000,10000,1,0,0.0001,23.6506
1,static,4,full_byte_10,10000,10000,1,0,0.0001,23.879
1,rotor,4,full_byte_10,10000,10000,1,0,0.0001,23.2008
1,round_only,4,full_byte_10,10000,10000,1,0,0.0001,23.7671
1,position_only,4,full_byte_10,10000,10000,1,0,0.0001,23.165
1,static,4,full_byte_15,10000,10000,1,0,0.0001,24.8968
1,rotor,4,full_byte_15,10000,10000,1,0,0.0001,25.2931
1,round_only,4,full_byte_15,10000,10000,1,0,0.0001,25.3061
1,position_only,4,full_byte_15,10000,10000,1,0,0.0001,25.284
1,static,4,two_byte_weight2,10000,9960,4,50,0.0004,21.0874
1,rotor,4,two_byte_weight2,10000,9967,4,38,0.0004,20.7659
1,round_only,4,two_byte_weight2,10000,9953,4,60,0.0004,20.8487
1,position_only,4,two_byte_weight2,10000,9987,3,14,0.0003,20.8524
1,static,4,four_byte_weight4,10000,10000,1,0,0.0001,51.2793
1,rotor,4,four_byte_weight4,10000,10000,1,0,0.0001,50.3405
1,round_only,4,four_byte_weight4,10000,10000,1,0,0.0001,51.1686
1,position_only,4,four_byte_weight4,10000,10000,1,0,0.0001,50.4891
1,static,8,single_bit_0,10000,10000,1,0,0.0001,57.1286
1,rotor,8,single_bit_0,10000,10000,1,0,0.0001,57.2418
1,round_only,8,single_bit_0,10000,10000,1,0,0.0001,56.8693
1,position_only,8,single_bit_0,10000,10000,1,0,0.0001,57.4281
1,static,8,single_bit_19,10000,10000,1,0,0.0001,52.4641
1,rotor,8,single_bit_19,10000,10000,1,0,0.0001,52.7597
1,round_only,8,single_bit_19,10000,10000,1,0,0.0001,52.3374
1,position_only,8,single_bit_19,10000,10000,1,0,0.0001,52.5945
1,static,8,single_bit_44,10000,10000,1,0,0.0001,52.6286
1,rotor,8,single_bit_44,10000,10000,1,0,0.0001,52.5659
1,round_only,8,single_bit_44,10000,10000,1,0,0.0001,52.4583
1,position_only,8,single_bit_44,10000,10000,1,0,0.0001,52.6511
1,static,8,single_bit_68,10000,10000,1,0,0.0001,55.8268
1,rotor,8,single_bit_68,10000,10000,1,0,0.0001,55.243
1,round_only,8,single_bit_68,10000,10000,1,0,0.0001,55.3981
1,position_only,8,single_bit_68,10000,10000,1,0,0.0001,55.0854
1,static,8,single_bit_93,10000,10000,1,0,0.0001,54.539
1,rotor,8,single_bit_93,10000,10000,1,0,0.0001,54.6418
1,round_only,8,single_bit_93,10000,10000,1,0,0.0001,54.7067
1,position_only,8,single_bit_93,10000,10000,1,0,0.0001,54.6547
1,static,8,single_bit_127,10000,10000,1,0,0.0001,57.2129
1,rotor,8,single_bit_127,10000,10000,1,0,0.0001,57.2528
1,round_only,8,single_bit_127,10000,10000,1,0,0.0001,57.3895
1,position_only,8,single_bit_127,10000,10000,1,0,0.0001,57.436
1,static,8,full_byte_0,10000,10000,1,0,0.0001,58.5891
1,rotor,8,full_byte_0,10000,10000,1,0,0.0001,58.8318
1,round_only,8,full_byte_0,10000,10000,1,0,0.0001,58.5533
1,position_only,8,full_byte_0,10000,10000,1,0,0.0001,59.0069
1,static,8,full_byte_5,10000,10000,1,0,0.0001,59.661
1,rotor,8,full_byte_5,10000,10000,1,0,0.0001,59.7856
1,round_only,8,full_byte_5,10000,10000,1,0,0.0001,59.5453
1,position_only,8,full_byte_5,10000,10000,1,0,0.0001,59.496
1,static,8,full_byte_10,10000,10000,1,0,0.0001,60.9597
1,rotor,8,full_byte_10,10000,10000,1,0,0.0001,60.5815
1,round_only,8,full_byte_10,10000,10000,1,0,0.0001,61.1208
1,position_only,8,full_byte_10,10000,10000,1,0,0.0001,60.5955
1,static,8,full_byte_15,10000,10000,1,0,0.0001,61.2516
1,rotor,8,full_byte_15,10000,10000,1,0,0.0001,61.4486
1,round_only,8,full_byte_15,10000,10000,1,0,0.0001,61.3377
1,position_only,8,full_byte_15,10000,10000,1,0,0.0001,61.4277
1,static,8,two_byte_weight2,10000,10000,1,0,0.0001,57.7543
1,rotor,8,two_byte_weight2,10000,10000,1,0,0.0001,57.4905
1,round_only,8,two_byte_weight2,10000,10000,1,0,0.0001,57.3581
1,position_only,8,two_byte_weight2,10000,10000,1,0,0.0001,57.5445
1,static,8,four_byte_weight4,10000,10000,1,0,0.0001,63.8572
1,rotor,8,four_byte_weight4,10000,10000,1,0,0.0001,63.8919
1,round_only,8,four_byte_weight4,10000,10000,1,0,0.0001,63.7967
1,position_only,8,four_byte_weight4,10000,10000,1,0,0.0001,63.9065
1,static,12,single_bit_0,10000,10000,1,0,0.0001,63.6156
1,rotor,12,single_bit_0,10000,10000,1,0,0.0001,63.6372
1,round_only,12,single_bit_0,10000,10000,1,0,0.0001,63.6167
1,position_only,12,single_bit_0,10000,10000,1,0,0.0001,63.7832
1,static,12,single_bit_19,10000,10000,1,0,0.0001,63.2551
1,rotor,12,single_bit_19,10000,10000,1,0,0.0001,63.4917
1,round_only,12,single_bit_19,10000,10000,1,0,0.0001,63.4027
1,position_only,12,single_bit_19,10000,10000,1,0,0.0001,63.4008
1,static,12,single_bit_44,10000,10000,1,0,0.0001,63.5395
1,rotor,12,single_bit_44,10000,10000,1,0,0.0001,63.5441
1,round_only,12,single_bit_44,10000,10000,1,0,0.0001,63.5445
1,position_only,12,single_bit_44,10000,10000,1,0,0.0001,63.3871
1,static,12,single_bit_68,10000,10000,1,0,0.0001,63.6192
1,rotor,12,single_bit_68,10000,10000,1,0,0.0001,63.4792
1,round_only,12,single_bit_68,10000,10000,1,0,0.0001,63.5794
1,position_only,12,single_bit_68,10000,10000,1,0,0.0001,63.4228
1,static,12,single_bit_93,10000,10000,1,0,0.0001,63.6275
1,rotor,12,single_bit_93,10000,10000,1,0,0.0001,63.6791
1,round_only,12,single_bit_93,10000,10000,1,0,0.0001,63.5771
1,position_only,12,single_bit_93,10000,10000,1,0,0.0001,63.6223
1,static,12,single_bit_127,10000,10000,1,0,0.0001,63.6498
1,rotor,12,single_bit_127,10000,10000,1,0,0.0001,63.6296
1,round_only,12,single_bit_127,10000,10000,1,0,0.0001,63.6556
1,position_only,12,single_bit_127,10000,10000,1,0,0.0001,63.6407
1,static,12,full_byte_0,10000,10000,1,0,0.0001,63.8333
1,rotor,12,full_byte_0,10000,10000,1,0,0.0001,63.8167
1,round_only,12,full_byte_0,10000,10000,1,0,0.0001,63.7543
1,position_only,12,full_byte_0,10000,10000,1,0,0.0001,63.8137
1,static,12,full_byte_5,10000,10000,1,0,0.0001,63.9141
1,rotor,12,full_byte_5,10000,10000,1,0,0.0001,63.9954
1,round_only,12,full_byte_5,10000,10000,1,0,0.0001,64.0674
1,position_only,12,full_byte_5,10000,10000,1,0,0.0001,63.9429
1,static,12,full_byte_10,10000,10000,1,0,0.0001,63.8936
1,rotor,12,full_byte_10,10000,10000,1,0,0.0001,63.8602
1,round_only,12,full_byte_10,10000,10000,1,0,0.0001,63.9562
1,position_only,12,full_byte_10,10000,10000,1,0,0.0001,63.9879
1,static,12,full_byte_15,10000,10000,1,0,0.0001,63.9679
1,rotor,12,full_byte_15,10000,10000,1,0,0.0001,63.9102
1,round_only,12,full_byte_15,10000,10000,1,0,0.0001,64.004
1,position_only,12,full_byte_15,10000,10000,1,0,0.0001,63.8959
1,static,12,two_byte_weight2,10000,10000,1,0,0.0001,63.7315
1,rotor,12,two_byte_weight2,10000,10000,1,0,0.0001,63.712
1,round_only,12,two_byte_weight2,10000,10000,1,0,0.0001,63.7266
1,position_only,12,two_byte_weight2,10000,10000,1,0,0.0001,63.6853
1,static,12,four_byte_weight4,10000,10000,1,0,0.0001,64.093
1,rotor,12,four_byte_weight4,10000,10000,1,0,0.0001,63.9744
1,round_only,12,four_byte_weight4,10000,10000,1,0,0.0001,63.9269
1,position_only,12,four_byte_weight4,10000,10000,1,0,0.0001,64.0264
1,static,16,single_bit_0,10000,10000,1,0,0.0001,63.9292
1,rotor,16,single_bit_0,10000,10000,1,0,0.0001,64.0287
1,round_only,16,single_bit_0,10000,10000,1,0,0.0001,63.932
1,position_only,16,single_bit_0,10000,10000,1,0,0.0001,64.0193
1,static,16,single_bit_19,10000,10000,1,0,0.0001,63.9804
1,rotor,16,single_bit_19,10000,10000,1,0,0.0001,64.0772
1,round_only,16,single_bit_19,10000,10000,1,0,0.0001,64.0258
1,position_only,16,single_bit_19,10000,10000,1,0,0.0001,63.9995
1,static,16,single_bit_44,10000,10000,1,0,0.0001,64.0656
1,rotor,16,single_bit_44,10000,10000,1,0,0.0001,64.0206
1,round_only,16,single_bit_44,10000,10000,1,0,0.0001,63.9669
1,position_only,16,single_bit_44,10000,10000,1,0,0.0001,64.0047
1,static,16,single_bit_68,10000,10000,1,0,0.0001,63.9571
1,rotor,16,single_bit_68,10000,10000,1,0,0.0001,63.9886
1,round_only,16,single_bit_68,10000,10000,1,0,0.0001,64.0329
1,position_only,16,single_bit_68,10000,10000,1,0,0.0001,63.9248
1,static,16,single_bit_93,10000,10000,1,0,0.0001,64.0689
1,rotor,16,single_bit_93,10000,10000,1,0,0.0001,63.8981
1,round_only,16,single_bit_93,10000,10000,1,0,0.0001,64.0449
1,position_only,16,single_bit_93,10000,10000,1,0,0.0001,63.9011
1,static,16,single_bit_127,10000,10000,1,0,0.0001,63.9433
1,rotor,16,single_bit_127,10000,10000,1,0,0.0001,63.9599
1,round_only,16,single_bit_127,10000,10000,1,0,0.0001,63.9594
1,position_only,16,single_bit_127,10000,10000,1,0,0.0001,63.9347
1,static,16,full_byte_0,10000,10000,1,0,0.0001,64.0752
1,rotor,16,full_byte_0,10000,10000,1,0,0.0001,63.9652
1,round_only,16,full_byte_0,10000,10000,1,0,0.0001,63.9732
1,position_only,16,full_byte_0,10000,10000,1,0,0.0001,63.95
1,static,16,full_byte_5,10000,10000,1,0,0.0001,64.0669
1,rotor,16,full_byte_5,10000,10000,1,0,0.0001,64.0949
1,round_only,16,full_byte_5,10000,10000,1,0,0.0001,63.9843
1,position_only,16,full_byte_5,10000,10000,1,0,0.0001,64.0485
1,static,16,full_byte_10,10000,10000,1,0,0.0001,64.0066
1,rotor,16,full_byte_10,10000,10000,1,0,0.0001,63.9352
1,round_only,16,full_byte_10,10000,10000,1,0,0.0001,63.9875
1,position_only,16,full_byte_10,10000,10000,1,0,0.0001,63.9849
1,static,16,full_byte_15,10000,10000,1,0,0.0001,64.0375
1,rotor,16,full_byte_15,10000,10000,1,0,0.0001,64.0076
1,round_only,16,full_byte_15,10000,10000,1,0,0.0001,64.1082
1,position_only,16,full_byte_15,10000,10000,1,0,0.0001,63.9633
1,static,16,two_byte_weight2,10000,10000,1,0,0.0001,64.0782
1,rotor,16,two_byte_weight2,10000,10000,1,0,0.0001,63.9635
1,round_only,16,two_byte_weight2,10000,10000,1,0,0.0001,63.8934
1,position_only,16,two_byte_weight2,10000,10000,1,0,0.0001,64.0077
1,static,16,four_byte_weight4,10000,10000,1,0,0.0001,63.9881
1,rotor,16,four_byte_weight4,10000,10000,1,0,0.0001,63.9593
1,round_only,16,four_byte_weight4,10000,10000,1,0,0.0001,63.9509
1,position_only,16,four_byte_weight4,10000,10000,1,0,0.0001,63.9355
